Cue,Answer,Shuffle,Stimuli Notes,Value
decor,,1,4.538461538,764
seat,,2,6.416666667,2301
mint,,3,5.76,1666
lanyard,,4,5.416666667,1464
merchandise,,5,5.833333333,1647
joint,,6,4.375,1389
bread,,7,6.230769231,308
petticoat,,8,5.454545455,1935
solicitor,,9,4.875,2448
briefcase,,10,6.25,323
tit,,11,5.92,2708
sandbox,,12,5.777777778,2235
florist,,13,4.444444444,1011
tomahawk,,14,4.958333333,2722
grease,,15,4.666666667,1168
hosiery,,16,5.565217391,1319
map,,17,5.481481481,1600
orangutan,,18,4.666666667,1815
handrail,,19,5.227272727,1241
wishbone,,20,5.458333333,2953
bloomers,,21,4.4,243
massager,,22,,
ladle,,23,4.84,1448
cayenne,,24,5.347826087,469
boa,,25,4.333333333,252
stationary,,26,4.727272727,2510
parsley,,27,5.434782609,1877
tablespoon,,28,5.142857143,2618
pin,,29,5.88,1967
spyglass,,30,5.64,2491
courtyard,,31,4.392857143,668
newscaster,,32,4.347826087,1757
lettuce,,33,6.083333333,1497
yourself,,34,5.583333333,2998
bottle,,35,5.464285714,287
satchel,,36,5.583333333,2245
goalpost,,37,4.84,1121
skittles,,38,5.24,2402
barman,,39,4.818181818,150
turban,,40,5.148148148,2799
boot,,41,6.555555556,281
teabag,,42,6.32,2642
toy,,43,6.08,2750
choreographer,,44,4.826086957,535
hotplate,,45,5.230769231,1323
godmother,,46,5.19047619,1128
mice,,47,5,1653
dolphin,,48,4.52,817
yogurt,,49,6.347826087,2994
coverall,,50,4.739130435,670
prankster,,51,4.642857143,2058
gondola,,52,4.916666667,1137
blower,,53,4.48,245
gunpowder,,54,4.96,1201
antibiotics,,55,4.956521739,48
tripe,,56,4.7,2778
trap,,57,4.695652174,2762
undergarment,,58,6.074074074,2822
assemblyman,,59,4.72,89
rainwater,,60,5.407407407,2133
plastics,,61,5,1995
pinecone,,62,5.821428571,1972
tights,,63,5.956521739,2696
postmaster,,64,5.2,2045
backbone,,65,4.64,113
stake,,66,4.36,2503
stone,,67,5.875,2545
plow,,68,5,2008
sportswriter,,69,4.32,2484
cart,,70,5.4,442
rink,,71,4.333333333,2171
police,,72,4.739130435,2021
rack,,73,4.68,2119
dogcatcher,,74,4.72,812
litter,,75,5.034482759,1526
spit,,76,4.391304348,2476
stuff,,77,4.391304348,2574
perfume,,78,4.96,1926
sash,,79,4.916666667,2244
lilac,,80,5,1508
limestone,,81,4.565217391,1515
fastener,,82,4.347826087,950
postage,,83,4.32,2041
curtain,,84,5.875,732
overcoat,,85,6.52,1832
businesswoman,,86,5.08,371
delicatessen,,87,4.347826087,768
lumber,,88,5.217391304,1557
crumb,,89,4.45,714
footplate,,90,4.875,1038
housecoat,,91,5.653846154,1329
valet,,92,4.625,2834
chalice,,93,5.208333333,490
yam,,94,5.259259259,2989
daybed,,95,5.28,761
scalpel,,96,5.545454545,2263
windowsill,,97,5.391304348,2944
lounger,,98,4.692307692,1551
drumstick,,99,5.708333333,855
bloke,,100,4.541666667,240
pacifier,,101,6.090909091,1836
blouse,,102,6.47826087,244
ashtray,,103,5.44,84
pool,,104,6.041666667,2033
hippie,,105,4.56,1292
blazer,,106,5.652173913,233
kissing,,107,5.458333333,1423
sock,,108,5.833333333,2439
stove,,109,5.75,2555
fireplace,,110,5.458333333,986
chessboard,,111,6.04,512
Robot,,112,4.861185984,2182
step,,113,5.2,2522
cube,,114,4.75,721
cable,,115,4.913043478,390
preschooler,,116,4.409090909,2059
fleece,,117,4.5,1006
nephew,,118,5.16,1750
calf,,119,5.08,402
grits,,120,5.291666667,1177
figurine,,121,5.791666667,973
medication,,122,6.28,1637
waste,,123,4.318181818,2903
copper,,124,4.833333333,638
pedal,,125,5.04,1900
sandbank,,126,4.52,2234
tranquilizers,,127,4.607142857,2761
watercress,,128,4.782608696,2910
bazooka,,129,5.041666667,175
Picture Frame,,130,,3002
playsuit,,131,5.36,2003
cabbage,,132,5.608695652,386
worker,,133,5.086956522,2971
hoop,,134,5.296296296,1310
laryngoscope,,135,4.411764706,1467
keyhole,,136,5.44,1413
sheepskin,,137,4.928571429,2330
woodwork,,138,5.12,2966
pomegranate,,139,5.391304348,2026
antiques,,140,4.68,51
stableman,,141,4.375,2495
postman,,142,4.913043478,2044
cedar,,143,4.583333333,470
wristlet,,144,5.428571429,2984
powderpuff,,145,4.923076923,2055
prosecutor,,146,4.64,2078
paprika,,147,4.428571429,1867
doll,,148,6.434782609,814
crutch,,149,5.8,717
eyepiece,,150,5.8,937
bicep,,151,5.666666667,209
screw,,152,5.708333333,2286
family,,153,5.291666667,944
chronograph,,154,4.684210526,538
tinfoil,,155,5.458333333,2703
bathe,,156,5.214285714,168
pilaf,,157,4.7,1959
chinaware,,158,5.913043478,527
parsnip,,159,5.666666667,1878
desert,,160,4.291666667,779
physician,,161,5.12,1945
myself,,162,5.038461538,1731
van,,163,6.28,2836
ticket,,164,5.333333333,2692
footballer,,165,5.041666667,1031
snowfall,,166,4.347826087,2433
blindfold,,167,5.125,237
harvest,,168,4.464285714,1256
wand,,169,5.08,2892
crystal,,170,4.37037037,720
bird,,171,4.896551724,220
negligee,,172,4.75,1749
tabasco,,173,5.260869565,2615
whisky,,174,5.857142857,2931
scale,,175,5.652173913,2259
balcony,,176,4.739130435,127
canvass,,177,4.347826087,421
ginger,,178,5.32,1104
berry,,179,5.523809524,205
tofu,,180,5.555555556,2717
silk,,181,4.8,2381
motorboat,,182,5.304347826,1695
daddy,,183,5.24,745
mucous,,184,5.04,1708
peanut,,185,6.192307692,1893
grapevine,,186,4.869565217,1158
cheese,,187,6.391304348,506
radish,,188,5.846153846,2124
tent,,189,5.5,2664
cushion,,190,5.75,733
storeroom,,191,4.655172414,2553
grandniece,,192,4.708333333,1150
Guitar,,193,6.293243243,1193
suspender,,194,5.76,2598
kilt,,195,5.04,1418
eyelid,,196,5.52173913,936
goldfish,,197,4.739130435,1133
person,,198,6.12,1930
eyebath,,199,4.368421053,931
pine,,200,4.347826087,1970
banquet,,201,4.538461538,145
controller,,202,5.458333333,630
conductor,,203,4.75,624
store,,204,5.739130435,2550
people,,205,6.076923077,1920
salesman,,206,4.84,2222
medic,,207,5.217391304,1636
mulch,,208,4.625,1715
funnel,,209,4.833333333,1065
pad,,210,5.217391304,1840
drug,,211,5.375,852
roll,,212,4.44,2187
arrow,,213,4.92,76
seating,,214,4.84,2302
linoleum,,215,4.62962963,1519
pantry,,216,5.260869565,1860
beef,,217,5.714285714,189
paperback,,218,5.090909091,1863
torchlight,,219,4.64,2738
avocado,,220,6.24137931,103
motel,,221,4.48,1689
groundsman,,222,4.333333333,1183
strongbox,,223,4.454545455,2571
excavator,,224,4.409090909,925
eggplant,,225,5.807692308,894
phalanges,,226,4.35,1937
accordion,,227,5.826086957,5
stick,,228,6.16,2535
illustrator,,229,4.48,1351
fruit,,230,6,1060
client,,231,4.545454545,558
case,,232,4.272727273,445
hoe,,233,5.545454545,1294
body,,234,6.038461538,260
matter,,235,4.4,1625
shelter,,236,5.269230769,2335
ashcan,,237,4.571428571,82
plum,,238,5.62962963,2010
creek,,239,4.52,691
tailcoat,,240,5.47826087,2624
mayor,,241,4.28,1629
bench,,242,6.166666667,203
rancher,,243,4.68,2137
block,,244,5.413793103,239
tyke,,245,5.05,2813
duck,,246,5.041666667,859
tube,,247,4.916666667,2791
vessel,,248,4.925925926,2852
suit,,249,6.52173913,2582
belly,,250,5.846153846,200
asparagus,,251,5.56,85
landscape,,252,4.384615385,1462
strainer,,253,4.875,2557
coleslaw,,254,4.72,599
token,,255,5.2,2721
wound,,256,4.583333333,2976
cane,,257,6.068965517,413
elbow,,258,6.458333333,896
chemicals,,259,5.04,510
veal,,260,4.5,2840
shell,,261,5.291666667,2333
goblet,,262,5.826086957,1125
clay,,263,5.52,551
saleslady,,264,4.28,2221
purse,,265,6.291666667,2105
wrapper,,266,5.791666667,2978
hardware,,267,5.52,1249
platter,,268,5.75,1998
altarpiece,,269,4.80952381,31
orchard,,270,4.333333333,1816
blood,,271,5.32,241
rind,,272,5.130434783,2169
roach,,273,4.708333333,2175
brochure,,274,6.2,328
skate,,275,4.913043478,2389
armband,,276,5.347826087,72
bun,,277,5.916666667,358
battleship,,278,4.36,173
herbivore,,279,4.363636364,1281
handsaw,,280,6.076923077,1242
cheesecake,,281,6.458333333,507
propeller,,282,4.36,2075
locker,,283,5.538461538,1536
dagger,,284,5.923076923,747
plywood,,285,4.807692308,2012
book,,286,6.47826087,270
ferret,,287,5,965
rhubarb,,288,5.260869565,2163
newsagent,,289,4.333333333,1755
stewardess,,290,5.12,2534
wine,,291,5.791666667,2947
scrubber,,292,4.32,2291
teeth,,293,6.275862069,2658
pickle,,294,5.730769231,1950
attorney,,295,4.72,96
biscuit,,296,5.964285714,224
nostril,,297,5.208333333,1780
horsewhip,,298,4.652173913,1317
snowdrift,,299,4.304347826,2432
accessory,,300,4.72,4
acupuncture,,301,5.285714286,12
device,,302,5.75,784
crust,,303,5.125,716
kettledrum,,304,4.916666667,1410
casserole,,305,5.88,452
nut,,306,5.555555556,1789
bondsman,,307,4.416666667,266
rectum,,308,5.041666667,2150
apartments,,309,4.851851852,56
flatiron,,310,5.590909091,1004
butt,,311,5.652173913,374
hibachi,,312,4.666666667,1284
stepdaughter,,313,4.72,2525
flowerpot,,314,5,1017
grandchild,,315,5.24,1145
corn,,316,6,644
belt,,317,5.80952381,202
mullets,,318,4.304347826,1718
trigger,,319,5.16,2776
molasses,,320,5,1675
village,,321,4.44,2858
teaspoonful,,322,4.4,2654
taffy,,323,4.6,2622
dirt,,324,5.08,801
raincoat,,325,5.954545455,2130
pan,,326,6.409090909,1856
billiards,,327,4.925925926,216
parakeet,,328,5.12,1870
mongoose,,329,4.5,1679
furnace,,330,4.68,1066
bystander,,331,4.791666667,384
ruby,,332,4.76,2202
champagne,,333,5.583333333,493
String,,334,5.626180837,2568
dairy,,335,4.28,750
dock,,336,4.541666667,808
bass,,337,4.37037037,164
necklace,,338,5.821428571,1741
mulberry,,339,4.703703704,1714
mall,,340,4.36,1582
hip,,341,5.086956522,1291
mayonnaise,,342,5.523809524,1628
flower,,343,5.916666667,1015
stockings,,344,5.84,2542
beet,,345,5.32,193
fungus,,346,4.32,1064
condiment,,347,5.76,620
closet,,348,4.962962963,567
toddler,,349,5.875,2714
sifter,,350,4.782608696,2378
dumbbell,,351,5.958333333,865
man,,352,5.346153846,1586
bartender,,353,4.64,156
hourglass,,354,4.583333333,1325
pinkie,,355,5.260869565,1974
shot,,356,4.392857143,2360
someone,,357,4.625,2450
certificate,,358,5.041666667,482
cobweb,,359,4.916666667,584
showerhead,,360,5.041666667,2365
playroom,,361,4.52,2002
vine,,362,5,2861
oxtail,,363,4.444444444,1833
wagon,,364,5.375,2879
kitty,,365,6.043478261,1429
addict,,366,4.391304348,14
vein,,367,4.44,2845
amulet,,368,5.291666667,38
topsoil,,369,4.92,2736
anus,,370,5.16,53
trinket,,371,4.791666667,2777
liqueur,,372,5.666666667,1523
kelp,,373,4.826086957,1405
panhandler,,374,4.92,1857
blackberry,,375,5.416666667,227
testes,,376,5.083333333,2670
jogger,,377,5,1388
vest,,378,6,2853
cotton,,379,5.28,660
soil,,380,5.703703704,2445
menu,,381,5.869565217,1646
glycerine,,382,4.434782609,1119
crawfish,,383,4.666666667,685
eraser,,384,5.791666667,918
rake,,385,6.136363636,2135
pharmacist,,386,5.041666667,1938
spareribs,,387,4.869565217,2462
copybook,,388,5,639
squirrel,,389,4.346153846,2494
cabinet,,390,5.64,389
suede,,391,5,2579
granddaughter,,392,5,1146
milkshake,,393,6.4,1661
crayon,,394,6.36,687
driftwood,,395,5.416666667,847
doorstep,,396,5.333333333,828
hairpin,,397,6.125,1216
author,,398,4.4,99
vagina,,399,6.041666667,2832
hutch,,400,4.708333333,1342
tuba,,401,5.130434783,2790
Cheeseburger,,402,,3001
booth,,403,4.92,282
broker,,404,4.464285714,330
earring,,405,6.428571429,881
clip,,406,4.833333333,560
cleat,,407,4.5,552
hamstring,,408,5.08,1227
brassiere,,409,5.666666667,306
paperhanger,,410,4.625,1864
seasoning,,411,4.47826087,2300
turnip,,412,6.12,2802
flannels,,413,5.681818182,999
tonic,,414,5.086956522,2729
cocktail,,415,5.481481481,588
pellet,,416,4.296296296,1910
doctor,,417,5.68,809
fisherman,,418,4.851851852,991
pedestal,,419,4.88,1901
cord,,420,6.103448276,640
sundeck,,421,4.5,2586
investigator,,422,4.888888889,1367
claw,,423,4.391304348,550
sibling,,424,5.04,2373
money,,425,6.291666667,1677
newsstand,,426,5.458333333,1764
cap,,427,5.826086957,422
trapeze,,428,4.958333333,2763
thermometer,,429,5.56,2676
oceanographer,,430,4.44,1800
apartment,,431,4.6,55
flounder,,432,4.52173913,1013
slut,,433,4.652173913,2420
restaurant,,434,5.275862069,2159
refrigerator,,435,5.851851852,2152
racket,,436,5.24,2120
parachutist,,437,4.6,1869
rod,,438,4.454545455,2185
essay,,439,4.333333333,922
cake,,440,6.086956522,399
corridor,,441,4.5,651
storekeeper,,442,4.75,2552
lifeboat,,443,5.333333333,1504
burger,,444,6.111111111,365
keyboard,,445,6.08,1412
pooch,,446,5.045454545,2031
newlyweds,,447,4.772727273,1754
grandma,,448,5.769230769,1148
tongs,,449,5.826086957,2727
teapot,,450,6.2,2649
mortician,,451,4.833333333,1686
soap,,452,6.434782609,2437
sardine,,453,4.869565217,2242
thigh,,454,5.76,2680
satin,,455,5.125,2246
scientist,,456,4.47826087,2274
checklist,,457,4.464285714,501
coal,,458,4.875,579
note,,459,5.434782609,1781
raindrop,,460,5.208333333,2131
spatula,,461,5.708333333,2463
linen,,462,5.875,1517
lip,,463,5.52173913,1521
genital,,464,5.826086957,1095
lake,,465,5.035714286,1452
apprentice,,466,4.321428571,65
nickel,,467,5.814814815,1766
cocaine,,468,5.913043478,585
collar,,469,5.12,600
easel,,470,4.72,885
bayonet,,471,4.916666667,174
paraphernalia,,472,4.5,1871
stoop,,473,4.5,2548
mutton,,474,5,1729
pole,,475,5.32,2020
cellar,,476,4.6,472
jean,,477,5.956521739,1378
paintbox,,478,4.44,1848
policewoman,,479,4.904761905,2023
rupee,,480,4.826086957,2208
parka,,481,5.875,1876
groom,,482,5,1181
bookseller,,483,5,278
wastebasket,,484,6.217391304,2904
drill,,485,5.739130435,848
headphones,,486,6.083333333,1269
gearbox,,487,5.041666667,1092
gingersnap,,488,4.703703704,1106
caddy,,489,4.913043478,393
memorabilia,,490,4.434782609,1643
rum,,491,5.64,2206
kitten,,492,6.4,1428
jacket,,493,6.333333333,1370
feline,,494,5.458333333,959
bubble,,495,4.64,339
kid,,496,5.68,1414
chapel,,497,4.52,494
leech,,498,4.291666667,1484
handbook,,499,5.782608696,1231
nutshell,,500,4.375,1793
colander,,501,6,598
frame,,502,4.956521739,1053
wart,,503,4.56,2894
mincemeat,,504,5.083333333,1662
aftershave,,505,5.375,18
fingerboard,,506,5.15,978
sleigh,,507,4.84,2410
doorknob,,508,6.518518519,824
spice,,509,5.125,2470
washerwoman,,510,4.55,2900
programmer,,511,4.695652174,2071
chimpanzee,,512,4.260869565,525
appetizer,,513,6.12,60
orphan,,514,5.259259259,1824
guard,,515,5,1184
eyeball,,516,5.555555556,930
croquet,,517,4.84,701
croissant,,518,6,699
breastplate,,519,5.136363636,314
cosmetician,,520,4.8,655
boy,,521,4.962962963,296
dishwasher,,522,5.592592593,803
semen,,523,5.269230769,2310
packaging,,524,5.038461538,1838
skewer,,525,4.5,2396
upholstery,,526,5.461538462,2827
capacitor,,527,4.375,423
thread,,528,4.76,2684
inventor,,529,4.391304348,1366
armor,,530,5.333333333,74
sweater,,531,6.592592593,2604
adapter,,532,4.583333333,13
espresso,,533,5.24,921
leopard,,534,5.260869565,1492
bellboy,,535,4.8,197
girlfriend,,536,5.730769231,1109
Elevator,,537,5.486522911,901
basin,,538,4.818181818,161
tenderloin,,539,4.962962963,2663
coupon,,540,4.821428571,667
kerchief,,541,5.666666667,1406
plaster,,542,4.4,1993
goggles,,543,6.125,1131
couch,,544,6.260869565,661
saltwater,,545,5.192307692,2229
barley,,546,4.541666667,149
tray,,547,5.166666667,2768
derriere,,548,5.5,778
lubrication,,549,4.333333333,1555
bagpipes,,550,5,124
godparent,,551,5.260869565,1129
enamel,,552,4.652173913,905
goose,,553,5.260869565,1138
steak,,554,5.75,2515
backpack,,555,5.72,116
tear,,556,4.44,2650
switchblade,,557,5.869565217,2609
lantern,,558,5.653846154,1463
letterbox,,559,4.56,1496
woodcutter,,560,4.44,2960
vulva,,561,5.16,2876
cage,,562,5.291666667,398
splinter,,563,4.652173913,2478
raft,,564,5.36,2125
toe,,565,5.954545455,2715
kitchen,,566,5.625,1425
cookie,,567,6.5,633
treadmill,,568,6,2769
yardstick,,569,5.956521739,2990
silkworm,,570,5.208333333,2382
flapjack,,571,5.2,1000
dinner,,572,5.545454545,795
jam,,573,5.173913043,1372
cocoa,,574,5.625,589
garage,,575,4.96,1073
poinsettia,,576,5.347826087,2018
skittle,,577,5,2401
novel,,578,5.4,1783
tambourine,,579,5.916666667,2628
instructor,,580,4.583333333,1360
theatergoer,,581,5,2673
seedling,,582,5.083333333,2309
shack,,583,5.125,2317
hashish,,584,4.909090909,1257
craftsman,,585,4.833333333,679
sedan,,586,5.565217391,2306
antennae,,587,4.538461538,47
buddy,,588,4.916666667,344
breasts,,589,6.173913043,315
pastry,,590,6.086956522,1886
rodent,,591,5.041666667,2186
sketchbook,,592,5.833333333,2394
firewood,,593,5.72,987
smock,,594,5.08,2421
neurologist,,595,4.384615385,1753
crosswalk,,596,4.714285714,706
gem,,597,5.517241379,1093
obstetrician,,598,5.04,1798
stepladder,,599,6.130434783,2527
oilcloth,,600,5.125,1803
gangster,,601,4.36,1072
toiletry,,602,5.222222222,2720
ammo,,603,5.32,34
frog,,604,5.125,1058
snowshoe,,605,5.541666667,2436
lizard,,606,4.925925926,1529
cutlery,,607,5.913043478,738
whore,,608,4.782608696,2933
checkerboard,,609,5.391304348,500
seaweed,,610,4.458333333,2304
organ,,611,5.185185185,1820
schoolhouse,,612,5.291666667,2272
quill,,613,4.565217391,2115
bell,,614,5.76,196
sunflower,,615,5.333333333,2587
muffler,,616,4.75,1712
iguana,,617,5.166666667,1350
splint,,618,4.958333333,2477
can,,619,4.88,408
condominium,,620,4.678571429,623
cadillac,,621,5.12,395
bugle,,622,4.541666667,348
steroids,,623,4.52,2532
ring,,624,6.130434783,2170
washroom,,625,5.037037037,2901
spinach,,626,4.96,2474
guesthouse,,627,4.913043478,1189
gumdrop,,628,5.875,1197
placenta,,629,4.28,1984
piano,,630,6.166666667,1947
trunk,,631,5.217391304,2788
carport,,632,4.28,439
seawater,,633,4.961538462,2303
tutor,,634,4.608695652,2807
mountainside,,635,4.708333333,1700
parachute,,636,4.68,1868
beach,,637,5.666666667,176
nightstick,,638,5.434782609,1774
buckwheat,,639,4.44,343
needlepoint,,640,4.576923077,1746
diaphragm,,641,4.269230769,788
rabbit,,642,5,2117
peephole,,643,4.875,1907
boat,,644,5.130434783,255
wigmaker,,645,4.36,2936
pumpernickel,,646,5.130434783,2097
shield,,647,5.037037037,2338
boomerang,,648,5.666666667,280
stockbroker,,649,4.851851852,2540
clipper,,650,4.923076923,562
artist,,651,4.782608696,80
television,,652,5.6,2660
shed,,653,4.333333333,2327
rosebush,,654,5.333333333,2195
puddle,,655,5,2089
junk,,656,4.962962963,1396
clam,,657,4.375,545
dress,,658,6.16,843
stool,,659,6.076923077,2547
drone,,660,4.291666667,851
child,,661,5.695652174,520
podiatrist,,662,4.791666667,2016
lasso,,663,5.555555556,1468
woodcraft,,664,4.296296296,2959
heroin,,665,4.423076923,1282
pill,,666,6.36,1960
honeydew,,667,5.444444444,1304
box,,668,6.291666667,294
bucket,,669,6,341
flowerbed,,670,5.041666667,1016
brick,,671,5.64,317
bifocals,,672,5.875,212
shaker,,673,4.36,2318
journal,,674,6,1390
slide,,675,5.130434783,2411
Shirt,,676,6.473045822,2346
lodge,,677,4.833333333,1539
diaper,,678,5.64,787
crown,,679,6.173913043,711
breadbasket,,680,5.222222222,309
turtleneck,,681,5.375,2806
stapler,,682,6.458333333,2508
auditorium,,683,4.392857143,97
actress,,684,4.92,11
ice,,685,5.458333333,1344
suture,,686,4.652173913,2600
prize,,687,4.916666667,2069
shovel,,688,5.925925926,2363
earplug,,689,6.111111111,879
pantaloons,,690,4.695652174,1858
fir,,691,4.272727273,982
parcel,,692,5.583333333,1873
placard,,693,4.458333333,1983
enemy,,694,4.375,907
smuggler,,695,4.481481481,2424
floor,,696,5.666666667,1008
harp,,697,5.8,1253
gymnasium,,698,4.464285714,1204
cricket,,699,4.653846154,695
wildlife,,700,4.44,2939
lampshade,,701,5.296296296,1458
charcoal,,702,4.740740741,496
rock,,703,5.48,2183
shin,,704,5.592592593,2339
puck,,705,4.608695652,2087
nightlight,,706,4.821428571,1772
cactus,,707,4.5,392
breast,,708,5.4,312
herb,,709,5.826086957,1280
blueberry,,710,6,249
countrywoman,,711,4.44,666
hibiscus,,712,4.952380952,1285
sugar,,713,6.173913043,2580
woodpecker,,714,4.833333333,2961
bong,,715,5.6,268
quarters,,716,5.909090909,2112
artichoke,,717,5.708333333,78
bosom,,718,5.52,286
giblets,,719,4.714285714,1101
leotard,,720,5.363636364,1493
dude,,721,5,863
perspiration,,722,4.826086957,1931
snowflake,,723,5,2434
housemaid,,724,4.84,1332
turntable,,725,5.347826087,2804
microphone,,726,6.043478261,1654
seam,,727,4.44,2295
carpet,,728,6.041666667,437
cornstarch,,729,5.043478261,650
capes,,730,4.481481481,425
dryer,,731,5.56,857
cod,,732,4.458333333,591
grape,,733,6.214285714,1156
sandbag,,734,5.25,2233
railroad,,735,4.333333333,2128
sheep,,736,4.5,2328
boxer,,737,4.608695652,295
polyester,,738,5.086956522,2025
drunkard,,739,4.571428571,856
lock,,740,5.173913043,1535
sandcastle,,741,5.095238095,2236
spike,,742,4.615384615,2473
painkiller,,743,5.518518519,1846
baton,,744,5.913043478,171
cutlet,,745,5.272727273,739
pickaxe,,746,5.333333333,1949
kindling,,747,4.583333333,1421
salmon,,748,4.454545455,2224
toupee,,749,6.217391304,2743
dice,,750,6.192307692,789
slug,,751,4.434782609,2418
magazine,,752,6.166666667,1569
prisoner,,753,4.307692308,2067
sauce,,754,5.130434783,2247
rucksack,,755,5.041666667,2203
crepe,,756,5.416666667,692
pincushion,,757,5.260869565,1969
powder,,758,5.416666667,2054
roast,,759,4.821428571,2179
thumbscrew,,760,5.173913043,2689
snot,,761,5.32,2429
citrus,,762,4.6,544
weapon,,763,5.52173913,2914
poster,,764,5.583333333,2043
pal,,765,4.333333333,1852
tracksuit,,766,5.653846154,2752
paratrooper,,767,4.291666667,1872
wallet,,768,6.136363636,2888
lamb,,769,4.444444444,1453
caretaker,,770,5.071428571,433
beverage,,771,6.208333333,206
mat,,772,5.814814815,1619
merchantman,,773,4.5,1649
mistletoe,,774,4.592592593,1668
revolver,,775,5.555555556,2161
marble,,776,5.48,1602
insect,,777,5.125,1357
steelworker,,778,4.44,2518
hatchet,,779,5.791666667,1261
head,,780,5.48,1263
foxhound,,781,4.347826087,1052
bum,,782,4.346153846,357
electronics,,783,5.12,899
kaleidoscope,,784,5.84,1400
breastbone,,785,5.318181818,313
fridge,,786,6.166666667,1056
bug,,787,5.296296296,347
father,,788,6.035714286,951
skin,,789,6.16,2399
lingerie,,790,5.72,1518
bunkmate,,791,4.458333333,362
gambler,,792,4.416666667,1070
billfold,,793,5.444444444,215
fondue,,794,4.92,1026
receipts,,795,5.04,2144
mothball,,796,5.12,1691
marshmallow,,797,6.173913043,1611
townsfolk,,798,4.583333333,2748
daiquiri,,799,5.454545455,749
sedative,,800,4.416666667,2307
housekeeper,,801,4.458333333,1331
flagpole,,802,4.785714286,996
scythe,,803,4.727272727,2293
cherry,,804,5.454545455,511
subway,,805,5,2577
vermicelli,,806,5.571428571,2850
appliance,,807,5.791666667,62
apricot,,808,6.291666667,66
intercom,,809,4.695652174,1363
Grasshopper,,810,4.753721245,1161
hearse,,811,4.928571429,1274
fingerprint,,812,4.291666667,980
eyelash,,813,5.423076923,935
pea,,814,5.777777778,1890
inspector,,815,4.391304348,1359
haystack,,816,4.956521739,1262
shipmate,,817,4.72,2345
roadway,,818,4.565217391,2178
arm,,819,6.47826087,71
salesgirl,,820,4.769230769,2220
plane,,821,5.458333333,1986
razor,,822,6.12,2142
dietician,,823,4.72,791
liquid,,824,5.260869565,1524
snowball,,825,5.5,2431
bratwurst,,826,5.434782609,307
cuticle,,827,5.08,737
shorts,,828,6.04,2359
doorknocker,,829,5.52173913,825
club,,830,5.458333333,576
raisin,,831,5.64,2134
traveller,,832,4.5,2767
hubcap,,833,4.833333333,1334
spoon,,834,6.115384615,2482
carriage,,835,5.08,440
player,,836,4.72,1999
undershirt,,837,5.954545455,2824
mail,,838,6.125,1577
heel,,839,4.666666667,1276
web,,840,4.375,2917
recruiter,,841,4.347826087,2149
whiskers,,842,4.625,2929
shoelace,,843,6.16,2351
kiwi,,844,6.08,1430
shoestring,,845,6.36,2352
chinchilla,,846,4.925925926,528
ball,,847,6.608695652,128
cubical,,848,4.36,722
marionette,,849,4.333333333,1607
horsefly,,850,4.32,1313
melon,,851,5.681818182,1641
peacock,,852,4.8,1892
reefer,,853,4.52173913,2151
dartboard,,854,5.608695652,759
chopsticks,,855,6.391304348,534
puppy,,856,6.25,2104
canvas,,857,5.590909091,420
seaplane,,858,4.333333333,2297
dancer,,859,5.090909091,754
stepchild,,860,5.04,2524
drawer,,861,6,839
eggbeater,,862,5.96,893
cassette,,863,5.148148148,453
streetwalker,,864,4.84,2566
drawers,,865,5.869565217,840
saffron,,866,4.666666667,2214
advisor,,867,4.347826087,16
loo,,868,4.952380952,1547
puppet,,869,5.739130435,2103
wool,,870,5.392857143,2967
checkbook,,871,5.666666667,499
blade,,872,5.833333333,231
brother,,873,5.043478261,335
locksmith,,874,4.8,1538
tiller,,875,4.541666667,2698
sign,,876,4.666666667,2379
cockatoo,,877,4.666666667,587
lipstick,,878,5.928571429,1522
factory,,879,4.44,941
birdseed,,880,5.739130435,222
woodblock,,881,5.4,2957
fairground,,882,4.608695652,943
chart,,883,4.428571429,497
proofreader,,884,4.36,2073
schoolboy,,885,4.92,2270
peashooter,,886,4.84,1897
underwear,,887,6.52173913,2825
bolt,,888,4.925925926,263
letter,,889,5.259259259,1495
sarong,,890,5.357142857,2243
compost,,891,5.041666667,614
copier,,892,5.136363636,636
buffalo,,893,4.692307692,345
shore,,894,4.333333333,2355
album,,895,5.791666667,23
singer,,896,4.821428571,2384
collie,,897,5.730769231,603
syrup,,898,5.16,2614
gum,,899,6.36,1195
trumpet,,900,6.291666667,2787
sailcloth,,901,4.454545455,2217
repairer,,902,4.583333333,2155
nightcaps,,903,4.708333333,1767
shrubbery,,904,4.653846154,2369
wing,,905,4.48,2949
tie,,906,6.260869565,2694
drain,,907,4.291666667,836
hurdle,,908,4.36,1337
warden,,909,4.434782609,2893
latch,,910,5.541666667,1469
hairstyle,,911,4.68,1217
incubator,,912,4.291666667,1352
theologian,,913,4.47826087,2674
gravel,,914,5.461538462,1164
marmalade,,915,6.041666667,1610
folder,,916,6.260869565,1024
goatee,,917,4.375,1123
prop,,918,5.125,2074
worm,,919,4.681818182,2975
crossword,,920,4.555555556,707
mansions,,921,4.260869565,1594
pub,,922,4.666666667,2084
compressor,,923,4.5,615
outfit,,924,6.130434783,1828
dentist,,925,5.038461538,775
dynamite,,926,5.260869565,874
memo,,927,5.04,1642
daisy,,928,5,751
fiddle,,929,6.043478261,970
chronometer,,930,4.5,539
bible,,931,5.826086957,208
pocketknife,,932,5.692307692,2015
lodging,,933,4.620689655,1540
tinplate,,934,4.869565217,2704
costume,,935,6.28,657
sprinter,,936,4.565217391,2490
ash,,937,4.333333333,81
pumice,,938,4.857142857,2095
fan,,939,5.72,945
hairnet,,940,5.458333333,1214
tin,,941,4.727272727,2701
artifact,,942,4.416666667,79
seed,,943,5.185185185,2308
dollar,,944,6.24,815
cloverleaf,,945,4.565217391,575
glassblower,,946,4.52173913,1111
stretcher,,947,5.08,2567
trousers,,948,6.185185185,2783
skillet,,949,5.409090909,2398
stairwell,,950,5.038461538,2502
bead,,951,5.545454545,178
balm,,952,4.583333333,134
summerhouse,,953,5,2584
machinery,,954,5.416666667,1568
songbook,,955,5.76,2452
rotisserie,,956,4.791666667,2198
pimple,,957,5.72,1966
dessert,,958,5.695652174,781
sidewalk,,959,5.291666667,2377
powerboat,,960,5.782608696,2056
washcloth,,961,6.192307692,2898
film,,962,4.32,976
pajama,,963,5.962962963,1850
fabric,,964,6.08,939
balloon,,965,5.523809524,130
drawing,,966,4.695652174,841
mango,,967,6.24,1588
gazebo,,968,5.25,1090
hose,,969,5.565217391,1318
termite,,970,4.32,2666
luggage,,971,5.304347826,1556
bobsleigh,,972,5.64,258
magician,,973,4.5,1571
bonbon,,974,4.807692308,265
baseball,,975,6.037037037,157
reindeer,,976,4.5,2153
sculpture,,977,5.782608696,2292
dime,,978,6.083333333,793
straw,,979,6,2560
appraiser,,980,4.428571429,64
handshake,,981,5.636363636,1243
mannequin,,982,4.48,1592
cowskin,,983,4.652173913,673
sage,,984,4.375,2215
hairpiece,,985,5.956521739,1215
cadet,,986,4.291666667,394
outlet,,987,4.541666667,1830
senorita,,988,4.391304348,2311
bedroom,,989,5.708333333,187
buoy,,990,5.125,364
tortilla,,991,6.037037037,2740
griddle,,992,5.739130435,1175
beanstalk,,993,4.5,181
popcorn,,994,6,2035
terrier,,995,5.416666667,2668
throat,,996,5.347826087,2685
foghorn,,997,4.583333333,1023
logbook,,998,5.565217391,1542
scoop,,999,4.28,2277
wallpaper,,1000,4.875,2889
labrador,,1001,5.074074074,1444
pinwheel,,1002,5.8,1975
macaroon,,1003,4.346153846,1563
gold,,1004,4.75,1132
nectar,,1005,4.608695652,1744
phonograph,,1006,4.423076923,1941
loincloth,,1007,4.833333333,1544
hammock,,1008,6.166666667,1224
jaw,,1009,5.5,1376
bellflower,,1010,4.428571429,198
mandolin,,1011,5.304347826,1587
lobbyist,,1012,4.4,1532
tongue,,1013,5.928571429,2728
mutt,,1014,4.958333333,1728
shower,,1015,5.391304348,2364
catfish,,1016,5,459
wafer,,1017,5.909090909,2877
shelf,,1018,4.782608696,2332
gravy,,1019,5.333333333,1167
anklet,,1020,5.708333333,43
crumpet,,1021,5.136363636,715
broom,,1022,6.416666667,332
coke,,1023,6.2,596
Toilet,,1024,6.368918919,2719
scar,,1025,4.608695652,2266
farmhand,,1026,4.4,948
toboggan,,1027,5.68,2713
receipt,,1028,5.28,2143
workbook,,1029,5.703703704,2969
shortcake,,1030,5.846153846,2357
stethoscope,,1031,5.8,2533
neck,,1032,6.12,1738
nurse,,1033,5.130434783,1786
genitalia,,1034,5.64,1096
cream,,1035,5.153846154,688
slipcover,,1036,5.409090909,2415
partner,,1037,5.230769231,1879
tobacco,,1038,5.666666667,2712
caseworker,,1039,4.32,447
machetes,,1040,5.260869565,1566
watch,,1041,5.269230769,2905
encyclopedia,,1042,6.16,906
corvette,,1043,5.875,654
patrolman,,1044,4.814814815,1888
goat,,1045,4.8,1122
fence,,1046,5.62962963,962
creamer,,1047,5.24,689
lint,,1048,5.04,1520
fountain,,1049,5.208333333,1050
watchmaker,,1050,4.56,2908
woodshed,,1051,5.25,2964
laxative,,1052,5.206896552,1476
mentor,,1053,4.347826087,1645
llama,,1054,4.75,1530
lambskin,,1055,4.416666667,1454
ductwork,,1056,4.52173913,862
male,,1057,5.5,1581
saltshaker,,1058,6,2228
telescope,,1059,5.916666667,2659
barber,,1060,4.958333333,147
harmonica,,1061,6.416666667,1251
ornament,,1062,6.181818182,1823
edibles,,1063,5.428571429,888
teardrop,,1064,4.695652174,2651
engine,,1065,5.333333333,908
motorcycle,,1066,5.555555556,1696
rain,,1067,4.958333333,2129
curler,,1068,4.454545455,730
screwdriver,,1069,6.52173913,2287
leftovers,,1070,5.625,1485
houseboat,,1071,4.956521739,1327
tombstone,,1072,5.043478261,2725
alfalfa,,1073,5.045454545,26
switchboard,,1074,4.777777778,2610
beagle,,1075,5.2,179
flashbulb,,1076,4.375,1001
vitamins,,1077,5.12,2870
evergreen,,1078,4.444444444,923
drugstore,,1079,5.260869565,853
manicure,,1080,4.730769231,1590
vase,,1081,5.36,2838
rosary,,1082,5.791666667,2193
gear,,1083,4.695652174,1091
jet,,1084,5.041666667,1383
rag,,1085,5.666666667,2126
handle,,1086,4.958333333,1239
critter,,1087,4.863636364,697
locket,,1088,5.333333333,1537
clover,,1089,4.695652174,574
scorecard,,1090,4.875,2279
toffee,,1091,5.608695652,2716
kneecap,,1092,5.714285714,1434
shirttail,,1093,5.333333333,2348
forklift,,1094,5.541666667,1048
lamplight,,1095,4.291666667,1456
auto,,1096,4.391304348,100
lotion,,1097,6.28,1548
dressing,,1098,5.08,845
tub,,1099,6.086956522,2789
jeweler,,1100,4.695652174,1385
pistachio,,1101,5.541666667,1978
stereo,,1102,5.68,2531
greenery,,1103,4.375,1170
mustard,,1104,5.8,1727
tummy,,1105,5.125,2796
glue,,1106,5.043478261,1118
lid,,1107,5.428571429,1503
elephant,,1108,4.36,900
twig,,1109,5.28,2811
chair,,1110,6.88,485
playground,,1111,4.695652174,2000
wheelhouse,,1112,4.434782609,2924
masseuse,,1113,5.086956522,1616
horn,,1114,5.291666667,1311
yacht,,1115,4.88,2987
rhinestone,,1116,5.291666667,2162
steamboat,,1117,4.541666667,2516
forceps,,1118,4.869565217,1041
tuxedo,,1119,5.259259259,2809
gunnysack,,1120,4.666666667,1200
maidservant,,1121,4.333333333,1576
clarinet,,1122,5.923076923,548
birthmark,,1123,4.333333333,223
lapdog,,1124,4.739130435,1465
hog,,1125,4.407407407,1295
shuttle,,1126,4.695652174,2372
entomologist,,1127,4.583333333,911
amphibian,,1128,4.357142857,37
trucks,,1129,6.2,2786
stamp,,1130,5.304347826,2506
flask,,1131,5.416666667,1003
cathedral,,1132,4.5,460
earphone,,1133,5.52173913,877
crucifix,,1134,5.68,712
cock,,1135,5.04,586
mosquito,,1136,4.4,1687
shrub,,1137,5.259259259,2368
vegetable,,1138,6.391304348,2841
generator,,1139,4.47826087,1094
algae,,1140,4.458333333,27
matchstick,,1141,6.103448276,1622
butter,,1142,6.217391304,375
viewfinder,,1143,4.916666667,2857
poncho,,1144,5.458333333,2028
washer,,1145,5.518518519,2899
dart,,1146,5.291666667,758
traveler,,1147,4.714285714,2766
clubhouse,,1148,4.28,577
buttermilk,,1149,4.826086957,377
dandruff,,1150,4.72,756
harpist,,1151,4.304347826,1254
genitals,,1152,6.130434783,1097
ink,,1153,5.56,1356
honey,,1154,5.434782609,1302
tower,,1155,4.307692308,2747
chambermaid,,1156,4.727272727,492
garden,,1157,5.913043478,1076
skateboarder,,1158,4.739130435,2391
swamp,,1159,4.52173913,2602
flesh,,1160,4.782608696,1007
mailbag,,1161,5.041666667,1578
comic,,1162,4.88,608
house,,1163,5.782608696,1326
quadriceps,,1164,4.5,2109
tote,,1165,4.28,2742
crisps,,1166,5.130434783,696
ass,,1167,5.304347826,87
ceramic,,1168,4.62962963,479
gatehouse,,1169,4.464285714,1086
manhole,,1170,4.72,1589
baklava,,1171,5.454545455,126
clitoris,,1172,6.090909091,564
tank,,1173,4.608695652,2631
bedspread,,1174,6.08,188
salad,,1175,6.111111111,2218
monk,,1176,5.173913043,1680
twine,,1177,5.5,2812
pie,,1178,5.869565217,1953
walker,,1179,5.181818182,2885
dance,,1180,4.44,753
denims,,1181,5.541666667,774
piccolo,,1182,4.956521739,1948
canteen,,1183,5.607142857,419
piercing,,1184,5,1954
stopwatch,,1185,6.041666667,2549
makeup,,1186,6,1580
straitjacket,,1187,5.037037037,2558
buckle,,1188,4.846153846,342
gyroscope,,1189,4.814814815,1207
porridge,,1190,4.80952381,2038
epidermis,,1191,5.636363636,916
bat,,1192,5.041666667,166
goldsmith,,1193,4.375,1134
trombone,,1194,5.75,2781
newspaperman,,1195,4.48,1761
bleacher,,1196,5.083333333,235
acorn,,1197,5.28,8
signpost,,1198,5.25,2380
sushi,,1199,5.708333333,2597
oilcan,,1200,4.782608696,1802
train,,1201,5.333333333,2756
suitcase,,1202,6.08,2583
damsel,,1203,4.652173913,752
calipers,,1204,4.666666667,403
binoculars,,1205,6.16,218
tepee,,1206,4.916666667,2665
roommate,,1207,5.16,2189
gift,,1208,5.380952381,1102
backgammon,,1209,4.869565217,115
tricycle,,1210,6.173913043,2775
bulb,,1211,5.391304348,351
fedora,,1212,6.291666667,958
bridegroom,,1213,4.384615385,320
game,,1214,4.518518519,1071
brickwork,,1215,4.777777778,319
offspring,,1216,4.913043478,1801
broccoli,,1217,5.04,327
dildo,,1218,6.52173913,792
chairwoman,,1219,4.347826087,488
germ,,1220,4.333333333,1100
lei,,1221,5.058823529,1488
cologne,,1222,5.541666667,604
horseshoe,,1223,5.2,1316
mammal,,1224,5.291666667,1585
narcotics,,1225,4.956521739,1736
taxi,,1226,5.464285714,2639
snail,,1227,4.52173913,2426
broach,,1228,5.041666667,326
nutcracker,,1229,5.36,1790
salt,,1230,5.260869565,2227
moneybags,,1231,5,1678
carnival,,1232,5.125,434
hairbrush,,1233,6.48,1210
cornfield,,1234,4.739130435,646
Donut,,1235,,3003
bootlace,,1236,5.64,283
tree,,1237,5.84,2772
tightrope,,1238,4.590909091,2695
fluid,,1239,4.923076923,1018
ashes,,1240,4.862068966,83
tooth,,1241,6.037037037,2731
vendor,,1242,5,2847
woman,,1243,5.333333333,2955
vermouth,,1244,4.318181818,2851
fossil,,1245,4.925925926,1049
stallion,,1246,4.88,2505
tomb,,1247,4.739130435,2724
antihistamine,,1248,5.260869565,49
beefcake,,1249,4.458333333,190
label,,1250,5.375,1442
flashlight,,1251,5.869565217,1002
envelope,,1252,5.64,913
ramp,,1253,4.666666667,2136
crypt,,1254,4.541666667,718
grandparent,,1255,5.56,1152
portfolio,,1256,4.8,2039
chaplain,,1257,4.72,495
deerskin,,1258,4.826086957,766
commode,,1259,5.481481481,610
cracker,,1260,5.24,676
path,,1261,4.37037037,1887
chrysanthemum,,1262,5.727272727,540
doorbell,,1263,5.916666667,822
bathroom,,1264,6,169
granny,,1265,5.083333333,1155
boulder,,1266,4.958333333,288
ledge,,1267,4.541666667,1482
crowbar,,1268,6.25,710
gauze,,1269,5.88,1088
motorist,,1270,5.12,1698
vaginal,,1271,4.36,2833
fountainhead,,1272,4.523809524,1051
bunkhouse,,1273,4.625,361
suspenders,,1274,5.24,2599
penny,,1275,6.448275862,1917
footbath,,1276,5.090909091,1032
environment,,1277,4.52173913,914
waiter,,1278,4.48,2883
holster,,1279,4.68,1298
minister,,1280,4.84,1663
axe,,1281,6.153846154,106
prosthesis,,1282,4.689655172,2079
maid,,1283,4.458333333,1574
marijuana,,1284,6.04,1606
sling,,1285,4.909090909,2413
bin,,1286,5.260869565,217
sink,,1287,5.48,2385
daughter,,1288,5.192307692,760
bangle,,1289,5.115384615,139
puke,,1290,4.5,2091
watermelon,,1291,5.869565217,2911
racehorse,,1292,5.208333333,2118
handbag,,1293,6,1229
yearbook,,1294,5.56,2992
sauna,,1295,5.363636364,2251
extinguisher,,1296,5.043478261,928
carpeting,,1297,5.115384615,438
pepper,,1298,5.875,1921
pillar,,1299,5.041666667,1961
pliers,,1300,6.086956522,2007
divorcee,,1301,4.5,807
oregano,,1302,5.64,1819
glassware,,1303,5.964285714,1113
residence,,1304,4.333333333,2157
headdress,,1305,5.541666667,1265
cradle,,1306,5.652173913,678
caviar,,1307,4.818181818,468
compass,,1308,5.538461538,612
beer,,1309,5.791666667,192
newsman,,1310,4.285714286,1759
footstool,,1311,6.304347826,1039
vodka,,1312,5.56,2872
porch,,1313,4.44,2036
shortbread,,1314,5.416666667,2356
cellophane,,1315,4.703703704,475
cabin,,1316,4.56,388
lyre,,1317,4.45,1561
braid,,1318,5.64,301
barricade,,1319,4.28,155
cow,,1320,5.434782609,671
grass,,1321,5.454545455,1160
statue,,1322,4.777777778,2513
buttock,,1323,5.25,379
vinyl,,1324,4.6,2863
feast,,1325,4.384615385,955
hypnotist,,1326,4.44,1343
intern,,1327,4.791666667,1364
eel,,1328,4.653846154,891
teenager,,1329,5.08,2657
vinegar,,1330,5.291666667,2862
vinaigrette,,1331,5.363636364,2860
palm,,1332,5.44,1854
darkroom,,1333,4.416666667,757
slime,,1334,4.37037037,2412
peanuts,,1335,6.12,1894
guest,,1336,4.857142857,1188
watchdog,,1337,4.333333333,2907
sourdough,,1338,5.12,2455
swab,,1339,4.76,2601
goatskin,,1340,4.44,1124
curb,,1341,4.72,728
barnacle,,1342,4.260869565,152
scorpion,,1343,4.32,2280
cookbook,,1344,5.68,631
streetcar,,1345,4.791666667,2564
hook,,1346,5,1307
schoolgirl,,1347,4.625,2271
cymbal,,1348,5.958333333,741
sprinkler,,1349,4.962962963,2489
hangnail,,1350,5.814814815,1246
remote,,1351,4.357142857,2154
bouquet,,1352,4.909090909,289
antenna,,1353,4.695652174,46
muscle,,1354,5.12,1721
sword,,1355,5.461538462,2611
interviewer,,1356,4.75,1365
vitamin,,1357,5.2,2869
diner,,1358,4.375,794
mixer,,1359,5,1672
broth,,1360,5.321428571,334
gardener,,1361,4.958333333,1077
saleswoman,,1362,4.608695652,2223
scratches,,1363,4.4,2284
drainpipe,,1364,4.875,837
pump,,1365,4.347826087,2096
quarter,,1366,5.333333333,2110
flute,,1367,5.75,1019
arachnid,,1368,4.904761905,69
treasure,,1369,4.666666667,2770
footpad,,1370,5.041666667,1036
cornbread,,1371,5.16,645
chairman,,1372,4.965517241,486
boyfriend,,1373,6.310344828,297
washbowl,,1374,5.692307692,2897
paper,,1375,5.695652174,1862
handclasp,,1376,4.681818182,1235
mistress,,1377,5,1669
pompom,,1378,5.16,2027
golfer,,1379,4.583333333,1136
southerner,,1380,5.045454545,2456
mink,,1381,4.904761905,1664
spear,,1382,5.208333333,2465
pot,,1383,6.16,2046
pet,,1384,6.214285714,1932
apron,,1385,5.96,67
harpsichord,,1386,4.904761905,1255
comb,,1387,5.923076923,606
gate,,1388,5.956521739,1085
confetti,,1389,4.76,626
hamster,,1390,5.583333333,1226
stream,,1391,4.678571429,2562
sled,,1392,6.086956522,2406
loin,,1393,4.391304348,1543
firstborn,,1394,4.518518519,988
headrest,,1395,5.346153846,1271
newt,,1396,4.391304348,1765
floorboard,,1397,5.791666667,1009
axle,,1398,4.904761905,108
radiologist,,1399,4.913043478,2123
keepsake,,1400,4.75,1403
longbow,,1401,5.285714286,1546
tortoise,,1402,4.541666667,2741
chest,,1403,5.851851852,513
kit,,1404,4.739130435,1424
secretary,,1405,5.2,2305
newspaper,,1406,5.76,1760
animal,,1407,5.958333333,41
duckweed,,1408,4.4,861
comforter,,1409,6.16,607
handkerchief,,1410,5.72,1238
terrycloth,,1411,4.692307692,2669
peppercorn,,1412,5.181818182,1922
talisman,,1413,4.708333333,2627
morsel,,1414,4.833333333,1685
bloodhound,,1415,4.833333333,242
neckband,,1416,5.217391304,1739
peelings,,1417,4.652173913,1906
brass,,1418,4.4,305
maize,,1419,5.416666667,1579
land,,1420,5.56,1460
tape,,1421,5.833333333,2632
hut,,1422,5.130434783,1341
tattoo,,1423,4.730769231,2637
earpiece,,1424,5.76,878
acne,,1425,4.391304348,7
bone,,1426,5.259259259,267
oat,,1427,4.8,1796
detergent,,1428,5.227272727,782
primrose,,1429,4.368421053,2065
eggshell,,1430,5.791666667,895
latex,,1431,5.086956522,1470
graveyard,,1432,4.608695652,1166
childbirth,,1433,4.391304348,521
pegboard,,1434,5.04,1909
chick,,1435,4.47826087,516
pencil,,1436,5.869565217,1913
newsletter,,1437,5.826086957,1758
yoga,,1438,4.44,2993
condom,,1439,6.346153846,622
cuisine,,1440,4.652173913,725
opium,,1441,4.269230769,1812
eyedrop,,1442,5.48,932
sneaker,,1443,6.48,2427
stomp,,1444,4.321428571,2544
doghouse,,1445,5.076923077,813
washstand,,1446,4.652173913,2902
lobe,,1447,4.47826087,1533
lady,,1448,5.32,1449
sweetener,,1449,5.2,2606
Leaf,,1450,5.584345479,1477
fixture,,1451,5,994
lawyer,,1452,4.625,1475
pillowcase,,1453,5.92,1963
staff,,1454,4.928571429,2496
maple,,1455,4.32,1601
abdomen,,1456,5.434782609,2
tugboat,,1457,4.555555556,2793
latrine,,1458,6.333333333,1471
Food,,1459,6.470350404,1027
icing,,1460,4.76,1348
finger,,1461,6,977
soles,,1462,4.913043478,2447
gavel,,1463,4.545454545,1089
wounds,,1464,4.391304348,2977
thumb,,1465,6.357142857,2687
neckwear,,1466,5.652173913,1743
scissor,,1467,6.173913043,2275
absinthe,,1468,4.590909091,3
boathouse,,1469,4.52173913,256
pushcart,,1470,5.272727273,2106
geranium,,1471,4.695652174,1099
joystick,,1472,6.12,1392
cent,,1473,5.12,477
wildcat,,1474,4.583333333,2938
forehead,,1475,5.777777778,1045
pullover,,1476,4.56,2093
pineapple,,1477,6.304347826,1971
merchant,,1478,4.5,1648
shallot,,1479,5.380952381,2319
nanny,,1480,4.6,1734
drywall,,1481,5.208333333,858
necktie,,1482,6.043478261,1742
potato,,1483,5.6,2047
celery,,1484,6.086956522,471
coin,,1485,6.4,595
grandson,,1486,5.785714286,1153
poultry,,1487,4.826086957,2053
councilwoman,,1488,4.583333333,664
orange,,1489,5.08,1814
muzzle,,1490,4.391304348,1730
metal,,1491,5.130434783,1650
sombrero,,1492,5.518518519,2449
corset,,1493,5.44,653
cliff,,1494,4.64,559
needle,,1495,5.739130435,1745
pudding,,1496,5.958333333,2088
Ladder,,1497,6.117567568,1447
shavings,,1498,4.6,2325
saddle,,1499,4.954545455,2212
houseboy,,1500,4.583333333,1328
candle,,1501,5.166666667,410
playwright,,1502,4.28,2005
xylophone,,1503,5.821428571,2986
cabdriver,,1504,5.12,387
yarn,,1505,6.115384615,2991
blackboard,,1506,5.392857143,228
girdle,,1507,5.52173913,1107
babe,,1508,4.555555556,110
cider,,1509,4.958333333,541
shaving,,1510,5.535714286,2324
policeman,,1511,5.428571429,2022
infant,,1512,6.038461538,1353
banjo,,1513,6.291666667,141
urinal,,1514,5.666666667,2828
staple,,1515,5.32,2507
featherbed,,1516,5.434782609,957
mayo,,1517,5.956521739,1627
poet,,1518,4.565217391,2017
chili,,1519,5.291666667,523
proprietor,,1520,4.884615385,2076
deliverer,,1521,4.52173913,769
muffin,,1522,5.875,1711
stepson,,1523,5.304347826,2530
scapula,,1524,4.684210526,2265
onion,,1525,5.476190476,1809
sofa,,1526,6.608695652,2443
key,,1527,6.28,1411
wheelbarrow,,1528,5.5,2922
sapphire,,1529,5.125,2241
glass,,1530,6.12,1110
pillow,,1531,6.391304348,1962
festival,,1532,4.5,968
copilot,,1533,4.791666667,637
bike,,1534,6.48,213
container,,1535,5.461538462,628
cooler,,1536,5.625,634
seamstress,,1537,4.4,2296
casket,,1538,4.714285714,451
motorcyclist,,1539,4.52,1697
rifle,,1540,5.958333333,2168
ax,,1541,6.08,105
mallard,,1542,4.772727273,1583
bluefish,,1543,4.48,250
olive,,1544,6.173913043,1806
ceramics,,1545,5.458333333,480
dollhouse,,1546,5.826086957,816
bookkeeper,,1547,4.458333333,274
grave,,1548,4.730769231,1163
badge,,1549,5.72,119
apparel,,1550,5.695652174,58
mace,,1551,5.12,1564
cab,,1552,5.6,385
knuckles,,1553,5.37037037,1440
saddlebag,,1554,5.409090909,2213
washbasin,,1555,5.833333333,2895
bandage,,1556,6.304347826,138
veranda,,1557,4.666666667,2849
castle,,1558,4.307692308,454
shampoo,,1559,6,2320
clove,,1560,5.086956522,573
trashcan,,1561,5.76,2765
defendant,,1562,4.291666667,767
planner,,1563,4.916666667,1988
slipper,,1564,6.166666667,2417
speakers,,1565,4.92,2464
gourd,,1566,5.208333333,1141
ammunition,,1567,4.592592593,35
bridesmaid,,1568,5.08,321
rosemary,,1569,5.379310345,2196
bodyguard,,1570,4.72,262
kids,,1571,6.44,1416
penknife,,1572,5.833333333,1915
waistcoat,,1573,6.44,2882
custard,,1574,4.956521739,734
earwax,,1575,5.041666667,884
therapist,,1576,5.148148148,2675
excrement,,1577,4.56,926
publication,,1578,4.48,2085
napkin,,1579,6.333333333,1735
graphite,,1580,4.590909091,1159
ham,,1581,5.541666667,1221
maiden,,1582,4.44,1575
carrot,,1583,6.043478261,441
bifocal,,1584,4.9,211
mucus,,1585,4.88,1709
cashmere,,1586,4.875,450
bankbook,,1587,5.363636364,143
cuttlefish,,1588,4.454545455,740
table,,1589,6.4,2616
you,,1590,5.52,2996
mushroom,,1591,5.333333333,1723
crayfish,,1592,5.043478261,686
ferryboat,,1593,5.083333333,966
dad,,1594,5.416666667,744
pecan,,1595,5.5,1899
icebox,,1596,5.181818182,1346
groceries,,1597,5.962962963,1178
eyeglass,,1598,5.958333333,933
windbreaker,,1599,5.307692308,2941
counselor,,1600,4.375,665
trophy,,1601,4.916666667,2782
receptacle,,1602,4.863636364,2145
den,,1603,4.333333333,772
thermostat,,1604,5.074074074,2678
kiln,,1605,4.304347826,1417
hatband,,1606,5.16,1259
handball,,1607,5.75,1230
plug,,1608,5.875,2009
stencil,,1609,5.583333333,2520
headboard,,1610,5.52,1264
flamethrower,,1611,4.740740741,997
coffeepot,,1612,6.037037037,593
tapestry,,1613,4.565217391,2633
videotape,,1614,5.44,2856
lilly,,1615,4.590909091,1509
chin,,1616,5.884615385,526
hammer,,1617,6.173913043,1223
diamond,,1618,5.304347826,786
ankle,,1619,5.833333333,42
cranberry,,1620,5.458333333,680
pearl,,1621,5.555555556,1896
breeches,,1622,4.666666667,316
entertainer,,1623,4.964285714,910
teammate,,1624,5.074074074,2648
shrimp,,1625,4.909090909,2366
frankfurter,,1626,5.708333333,1054
computer,,1627,6.714285714,616
valve,,1628,4.869565217,2835
library,,1629,4.391304348,1499
chicken,,1630,5.5,517
scab,,1631,4.958333333,2258
brandy,,1632,5.64,304
chowder,,1633,4.96,537
fawn,,1634,4.535714286,954
ship,,1635,5.2,2343
rook,,1636,4.772727273,2188
basement,,1637,4.6,159
dishwater,,1638,5.2,804
altar,,1639,4.782608696,30
appendage,,1640,5,59
bunion,,1641,4.36,359
customer,,1642,5.541666667,736
stairs,,1643,5.88,2501
stationery,,1644,4.608695652,2511
leash,,1645,5.708333333,1479
shuffleboard,,1646,5.130434783,2370
soy,,1647,4.785714286,2457
pouch,,1648,5.178571429,2052
steel,,1649,4.884615385,2517
colt,,1650,4.916666667,605
hanger,,1651,5.291666667,1245
privates,,1652,4.681818182,2068
woods,,1653,4.409090909,2963
bookcase,,1654,5.56,272
minnow,,1655,4.416666667,1665
matchbox,,1656,5.875,1621
beetle,,1657,5.166666667,194
ointment,,1658,5.869565217,1804
husky,,1659,4.892857143,1340
carp,,1660,4.52173913,435
spectroscope,,1661,4.9,2467
dog,,1662,6.4,811
jewel,,1663,5.44,1384
dust,,1664,4.827586207,868
sirloin,,1665,5.32,2386
ale,,1666,4.962962963,25
passenger,,1667,5.08,1880
escalator,,1668,5.52,920
surveyor,,1669,4.47826087,2596
tranquilizer,,1670,4.56,2760
deliveryman,,1671,4.44,770
lemonade,,1672,5.409090909,1490
kettle,,1673,5.44,1409
pendant,,1674,5.791666667,1914
cousin,,1675,5.375,669
fauna,,1676,5,953
apple,,1677,6.272727273,61
waistband,,1678,5.833333333,2881
buttocks,,1679,6.434782609,380
pocketbook,,1680,5.884615385,2014
lubricant,,1681,5.76,1554
plate,,1682,5.590909091,1996
panties,,1683,5.791666667,1859
cannabis,,1684,5.666666667,415
banknote,,1685,4.52173913,144
blowtorch,,1686,5.541666667,248
basketball,,1687,6.25,163
bowl,,1688,6.16,292
corsage,,1689,5.782608696,652
mustache,,1690,5.620689655,1726
almond,,1691,5.714285714,29
cornflower,,1692,4.739130435,648
vanilla,,1693,4.518518519,2837
knob,,1694,5.888888889,1437
fishpond,,1695,4.791666667,992
orchid,,1696,4.68,1817
Platform,,1697,4.579514825,1997
speedboat,,1698,5.434782609,2468
knapsack,,1699,5.84,1432
clamshell,,1700,4.347826087,547
projector,,1701,5.086956522,2072
potpourri,,1702,5.333333333,2049
cosmetics,,1703,5.75,656
marbles,,1704,5.75,1603
gooseberry,,1705,5.041666667,1139
mascot,,1706,4.32,1613
throne,,1707,5.217391304,2686
collarbone,,1708,5.48,601
frosting,,1709,5,1059
newsreader,,1710,4.826086957,1763
jersey,,1711,5.8,1382
cleavage,,1712,4.625,553
squeegee,,1713,5.875,2493
lozenge,,1714,5.4,1553
supervisor,,1715,4.269230769,2591
crouton,,1716,5.724137931,709
tailor,,1717,5.130434783,2626
postcard,,1718,5.76,2042
sideburns,,1719,5.166666667,2375
sketch,,1720,4.88,2393
shoe,,1721,6.458333333,2349
whisker,,1722,4.863636364,2928
bulldozer,,1723,4.565217391,352
tulip,,1724,5.217391304,2794
ground,,1725,5.875,1182
Wheelchair,,1726,6.132791328,2923
mullet,,1727,4.518518519,1717
hen,,1728,4.652173913,1279
newsboy,,1729,4.869565217,1756
tampon,,1730,6.208333333,2629
door,,1731,6.217391304,821
guitarist,,1732,4.75,1194
receptionist,,1733,4.68,2146
robber,,1734,4.464285714,2180
starch,,1735,4.416666667,2509
shutter,,1736,4.541666667,2371
spices,,1737,5.391304348,2471
tickler,,1738,4.76,2693
tabloid,,1739,4.52173913,2621
examiner,,1740,4.565217391,924
bullet,,1741,5.772727273,353
beret,,1742,5.695652174,204
trolley,,1743,5.416666667,2780
musician,,1744,4.47826087,1724
stirrer,,1745,4.615384615,2537
diploma,,1746,5.96,798
eye,,1747,5.72,929
surgeon,,1748,5,2595
baggage,,1749,5.965517241,122
statuette,,1750,4.739130435,2514
knitting,,1751,4.304347826,1436
electrocardiogram,,1752,4.347826087,898
belongings,,1753,5.173913043,201
whip,,1754,5,2925
outhouse,,1755,4.64,1829
tenant,,1756,4.8,2662
midwife,,1757,5,1659
triceps,,1758,5.52,2774
honeysuckle,,1759,5.375,1305
beautician,,1760,4.608695652,183
softball,,1761,5.75,2444
tile,,1762,4.76,2697
slush,,1763,4.541666667,2419
axes,,1764,4.833333333,107
attire,,1765,5.086956522,95
soccer,,1766,4.64,2438
holder,,1767,4.28,1296
runner,,1768,4.608695652,2207
stagecoach,,1769,4.538461538,2498
shoehorn,,1770,5.75,2350
omelette,,1771,6.291666667,1808
cork,,1772,5.636363636,642
wingman,,1773,4.391304348,2950
conditioner,,1774,5.130434783,621
woodwind,,1775,4.96,2965
pharmacy,,1776,5.083333333,1939
beard,,1777,5.565217391,182
sundae,,1778,5.96,2585
femur,,1779,4.5,961
mantle,,1780,4.807692308,1597
pasta,,1781,5.72,1884
visor,,1782,5.041666667,2868
douche,,1783,4.652173913,832
juice,,1784,5.739130435,1393
detonator,,1785,4.68,783
pacemaker,,1786,4.363636364,1835
scraper,,1787,5.12,2283
leaves,,1788,5.846153846,1481
wolfhound,,1789,4.346153846,2954
bodybuilder,,1790,4.958333333,261
ear,,1791,6.652173913,875
lounge,,1792,4.714285714,1550
bookmarker,,1793,4.576923077,277
lance,,1794,4.571428571,1459
flooring,,1795,4.565217391,1010
scrotum,,1796,5.291666667,2290
souffle,,1797,5.571428571,2453
helmet,,1798,6.111111111,1278
spreader,,1799,4.375,2487
sharpener,,1800,4.785714286,2323
trailer,,1801,5.296296296,2755
crewman,,1802,4.291666667,693
chihuahua,,1803,6.25,519
piglet,,1804,4.68,1956
cement,,1805,5.04,476
bacon,,1806,5.916666667,118
journalist,,1807,4.5,1391
chalet,,1808,4.416666667,489
mask,,1809,5.92,1614
cymbals,,1810,5.695652174,742
script,,1811,5.041666667,2289
prostitute,,1812,5,2080
item,,1813,5.739130435,1369
sportswoman,,1814,4.68,2483
strap,,1815,4.923076923,2559
bra,,1816,6.52173913,298
pond,,1817,4.5,2029
bookshelf,,1818,5.727272727,279
moccasin,,1819,5.458333333,1673
camisole,,1820,5.476190476,407
mouthpiece,,1821,5.304347826,1706
tearoom,,1822,4.458333333,2652
banana,,1823,6.107142857,136
paw,,1824,5,1889
earmuff,,1825,6.260869565,876
potboiler,,1826,4.84,2048
nettle,,1827,4.529411765,1752
igloo,,1828,4.851851852,1349
employee,,1829,5.045454545,903
fingertip,,1830,5.928571429,981
shingle,,1831,4.625,2341
bistro,,1832,4.518518519,226
booklet,,1833,5.5,275
tinderbox,,1834,4.958333333,2702
gingerbread,,1835,5.48,1105
coffee,,1836,5.538461538,592
dressmaker,,1837,4.875,846
pedometer,,1838,5.681818182,1904
tourniquet,,1839,4.956521739,2745
cleavers,,1840,5.48,554
husk,,1841,4.304347826,1339
mantel,,1842,5,1595
burlap,,1843,5.333333333,367
heads,,1844,4.28,1272
track,,1845,4.916666667,2751
shopper,,1846,4.541666667,2354
lifebuoy,,1847,4.260869565,1505
crankshaft,,1848,4.666666667,682
museum,,1849,4.333333333,1722
fish,,1850,5.592592593,989
dictionary,,1851,6.04,790
scotch,,1852,5.4,2281
hookers,,1853,5.08,1309
rope,,1854,6.2,2192
beaker,,1855,5.416666667,180
weaponry,,1856,5,2915
tuna,,1857,4.916666667,2797
antique,,1858,4.423076923,50
rose,,1859,5.76,2194
sweatband,,1860,6.041666667,2603
firearm,,1861,5.814814815,983
underclothes,,1862,6,2819
cauliflower,,1863,5.269230769,466
scarecrow,,1864,5,2267
sheepdog,,1865,5.375,2329
pebble,,1866,5.47826087,1898
vomit,,1867,4.666666667,2874
headlight,,1868,4.538461538,1267
hamper,,1869,4.4,1225
parent,,1870,5.04,1875
wench,,1871,4.956521739,2919
fiancee,,1872,5.652173913,969
dandelion,,1873,5.826086957,755
noodle,,1874,6.24,1776
grandnephew,,1875,5.08,1149
hardwood,,1876,5.076923077,1250
headpiece,,1877,5.347826087,1270
calculator,,1878,6.24,400
him,,1879,4.47826087,1289
margarine,,1880,5.56,1604
sledgehammer,,1881,5.916666667,2408
pepperoni,,1882,5.875,1924
trainee,,1883,4.72,2757
storybook,,1884,5.703703704,2554
page,,1885,4.96,1844
flag,,1886,5.851851852,995
dough,,1887,6.086956522,833
pilot,,1888,4.52173913,1964
chevy,,1889,4.956521739,515
wineglass,,1890,6.416666667,2948
ambulance,,1891,5,33
asphalt,,1892,5.384615385,86
broiler,,1893,5.25,329
hinge,,1894,4.333333333,1290
dormitory,,1895,4.821428571,831
garlic,,1896,6.32,1080
footboard,,1897,5.086956522,1033
tool,,1898,6.304347826,2730
hotel,,1899,5.695652174,1322
liquor,,1900,5.961538462,1525
ford,,1901,4.416666667,1042
riverbank,,1902,4.64,2173
opal,,1903,4.6,1810
cafeteria,,1904,4.8,397
bourbon,,1905,5.173913043,290
guardhouse,,1906,4.28,1185
backdoor,,1907,5.2,114
lime,,1908,5.52,1512
cat,,1909,5.913043478,455
sideboard,,1910,5.222222222,2374
taillight,,1911,5,2625
catapult,,1912,4.84,457
godfather,,1913,5.043478261,1127
butterscotch,,1914,4.769230769,378
megaphone,,1915,6.2,1640
strings,,1916,5.260869565,2569
pastrami,,1917,5.142857143,1885
stilt,,1918,4.652173913,2536
hairline,,1919,4.92,1213
larvae,,1920,4.375,1466
ocean,,1921,5.217391304,1799
optician,,1922,4.851851852,1813
canoe,,1923,5.818181818,417
carpenter,,1924,5.464285714,436
lollipop,,1925,6.48,1545
tweezer,,1926,5.272727273,2810
wheel,,1927,5.458333333,2921
fist,,1928,6.08,993
toaster,,1929,6.04,2710
machete,,1930,5.791666667,1565
chalk,,1931,5.92,491
Swan,,1932,,3004
barrel,,1933,5.304347826,153
scribbling,,1934,4.814814815,2288
tractor,,1935,5.590909091,2753
kidney,,1936,4.68,1415
tag,,1937,4.72,2623
pupil,,1938,4.8,2102
sex,,1939,5.16,2316
scarf,,1940,6.434782609,2268
holding,,1941,4.428571429,1297
stroller,,1942,6.5,2570
ski,,1943,5.52,2397
stirrup,,1944,4.958333333,2538
windshield,,1945,5.708333333,2945
wood,,1946,5.590909091,2956
cardigan,,1947,6.130434783,432
ladybug,,1948,4.875,1450
cob,,1949,4.636363636,582
hall,,1950,4.346153846,1219
biologist,,1951,4.48,219
egg,,1952,6.068965517,892
produce,,1953,5.565217391,2070
azalea,,1954,5.263157895,109
veil,,1955,5.727272727,2844
violin,,1956,6.043478261,2865
briefs,,1957,5.64,324
handlebar,,1958,5.384615385,1240
grandpa,,1959,5.76,1151
surfboard,,1960,5.916666667,2594
pallet,,1961,4.36,1853
afro,,1962,4.52,17
manicurist,,1963,4.916666667,1591
boardinghouse,,1964,4.565217391,254
earth,,1965,5.555555556,882
passionflower,,1966,4.782608696,1882
object,,1967,6.416666667,1797
fryer,,1968,5.541666667,1062
pedestrian,,1969,4.962962963,1902
sauerkraut,,1970,5.148148148,2250
apparatus,,1971,4.636363636,57
anvil,,1972,5.24,54
council,,1973,4.321428571,662
compasses,,1974,5.2,613
viola,,1975,4.458333333,2864
sherbet,,1976,5.916666667,2337
sledge,,1977,4.380952381,2407
ledger,,1978,4.583333333,1483
photocopy,,1979,4.260869565,1943
ballerina,,1980,4.695652174,129
leg,,1981,5.875,1486
cauldron,,1982,4.8,465
hairdo,,1983,5.08,1211
plexiglas,,1984,5.041666667,2006
crane,,1985,4.695652174,681
suds,,1986,4.652173913,2578
road,,1987,5.896551724,2176
nightclub,,1988,4.409090909,1768
spacesuit,,1989,4.814814815,2459
pizza,,1990,6.541666667,1982
magnolia,,1991,5.416666667,1573
street,,1992,4.708333333,2563
editor,,1993,4.5,889
female,,1994,5.689655172,960
peg,,1995,4.391304348,1908
doorstop,,1996,5.260869565,829
tableware,,1997,6.083333333,2620
shoulder,,1998,5.869565217,2362
tartar,,1999,4.48,2636
whiskey,,2000,6.08,2930
milk,,2001,5.956521739,1660
pennant,,2002,5.153846154,1916
volleyball,,2003,6.52,2873
chauffeur,,2004,4.84,498
footwear,,2005,6.434782609,1040
grater,,2006,4.92,1162
skeleton,,2007,4.347826087,2392
medics,,2008,4.28,1639
catalogue,,2009,5.916666667,456
shopkeeper,,2010,4.555555556,2353
questionnaire,,2011,4.461538462,2113
chisel,,2012,5.333333333,531
supper,,2013,5.2,2592
whistle,,2014,4.47826087,2932
sketchpad,,2015,5.36,2395
shipman,,2016,4.407407407,2344
wiring,,2017,4.428571429,2952
textile,,2018,4.964285714,2672
umbrella,,2019,6.4,2816
winch,,2020,5.045454545,2940
businessman,,2021,5.25,370
staircase,,2022,5.695652174,2500
slipknot,,2023,4.84,2416
chickenfeed,,2024,4.72,518
slacks,,2025,6.103448276,2404
zucchini,,2026,5.923076923,3000
ottoman,,2027,5.833333333,1826
bellman,,2028,4.32,199
stoneware,,2029,5.434782609,2546
pig,,2030,4.56,1955
stitching,,2031,4.444444444,2539
guy,,2032,5.84,1202
button,,2033,6.153846154,381
violinist,,2034,4.47826087,2866
primates,,2035,4.956521739,2064
dorm,,2036,4.32,830
servant,,2037,4.782608696,2313
nursery,,2038,4.875,1788
toothbrush,,2039,6.72,2732
teaspoon,,2040,4.76,2653
armoire,,2041,4.904761905,73
nightie,,2042,5.62962963,1771
snack,,2043,6.142857143,2425
kite,,2044,5.8,1427
cheekbone,,2045,4.88,504
phone,,2046,6.5,1940
firecracker,,2047,4.916666667,985
thimble,,2048,5.347826087,2681
rubbish,,2049,4.666666667,2201
crop,,2050,4.833333333,700
neckerchief,,2051,5.347826087,1740
lily,,2052,4.884615385,1510
cape,,2053,5.416666667,424
radiator,,2054,5.217391304,2121
farmhouse,,2055,5.068965517,949
candidate,,2056,4.739130435,409
mascara,,2057,5.703703704,1612
home,,2058,5.434782609,1299
medallion,,2059,5.541666667,1635
foot,,2060,6,1029
battery,,2061,4.8,172
brace,,2062,5.04,299
medicine,,2063,5.692307692,1638
moonshine,,2064,5.260869565,1682
bleach,,2065,5.32,234
bunk,,2066,4.260869565,360
cuff,,2067,5.333333333,724
masseur,,2068,5.6,1615
sponge,,2069,6.5,2480
cloth,,2070,5.961538462,568
greyhound,,2071,4.636363636,1174
boatman,,2072,4.76,257
bedpost,,2073,5.346153846,186
dumbwaiter,,2074,4.44,866
skullcap,,2075,4.962962963,2403
wall,,2076,4.68,2886
vibrator,,2077,6.464285714,2855
executioner,,2078,4.44,927
rib,,2079,5.92,2164
furnishings,,2080,6.166666667,1067
mitten,,2081,6.041666667,1671
goalkeeper,,2082,4.458333333,1120
sawdust,,2083,4.4,2254
match,,2084,4.565217391,1620
caterpillar,,2085,5.083333333,458
paddle,,2086,5.68,1842
passport,,2087,5,1883
democrat,,2088,4.416666667,771
camera,,2089,6.086956522,406
Microscope,,2090,5.721024259,1655
jockstrap,,2091,5.739130435,1387
cobblestone,,2092,5.086956522,583
bush,,2093,4.8,369
teakettle,,2094,6.125,2646
sawhorse,,2095,5.125,2255
eyeglasses,,2096,6.28,934
captain,,2097,4.913043478,427
mallet,,2098,5.56,1584
lobster,,2099,4.92,1534
daggers,,2100,4.75,748
ballot,,2101,4.434782609,132
hand,,2102,6.44,1228
headmistress,,2103,4.555555556,1268
villager,,2104,4.666666667,2859
terrace,,2105,4.454545455,2667
cloak,,2106,5.791666667,565
flannel,,2107,4.869565217,998
spine,,2108,4.8,2475
poop,,2109,5.88,2034
sprayer,,2110,4.96,2486
chef,,2111,4.64,509
spool,,2112,4.52173913,2481
gym,,2113,4.958333333,1203
face,,2114,5.857142857,940
weatherman,,2115,4.285714286,2916
turf,,2116,4.36,2800
mansion,,2117,4.52173913,1593
anchovy,,2118,4.428571429,40
photocopier,,2119,6.12,1942
orgy,,2120,4.782608696,1822
forest,,2121,4.6,1046
bagpipe,,2122,5.761904762,123
moss,,2123,4.565217391,1688
grapefruit,,2124,5.96,1157
beggar,,2125,4.28,195
domino,,2126,5.96,818
cantaloupe,,2127,5.666666667,418
timepiece,,2128,5.375,2700
conch,,2129,4.285714286,618
buttonhook,,2130,4.45,383
broomstick,,2131,6.043478261,333
blowpipe,,2132,5,247
water,,2133,6.192307692,2909
chocolate,,2134,6.307692308,532
planter,,2135,4.666666667,1991
dominoes,,2136,5.703703704,819
baseboard,,2137,5.375,158
chimney,,2138,4.730769231,524
padlock,,2139,6.08,1843
potty,,2140,5.037037037,2051
loaf,,2141,4.458333333,1531
crap,,2142,4.666666667,683
hood,,2143,5.44,1306
golf,,2144,4.76,1135
driver,,2145,4.565217391,850
clergyman,,2146,4.652173913,556
rosewater,,2147,5.25,2197
diagram,,2148,4.5,785
scissors,,2149,6.291666667,2276
manuscript,,2150,5.083333333,1599
cervix,,2151,4.739130435,483
raspberry,,2152,5.884615385,2138
hardcover,,2153,4.652173913,1248
councilman,,2154,4.869565217,663
thong,,2155,6.47826087,2682
chow,,2156,4.642857143,536
clothing,,2157,6.666666667,572
freezer,,2158,5.260869565,1055
jawbreaker,,2159,5.28,1377
deodorant,,2160,6.36,776
workshop,,2161,4.4,2974
crabgrass,,2162,4.956521739,675
limousine,,2163,5.565217391,1516
bib,,2164,5.375,207
vocalist,,2165,4.269230769,2871
amphetamine,,2166,4.291666667,36
helicopter,,2167,5.178571429,1277
rickshaw,,2168,4.304347826,2167
almanac,,2169,5.5,28
piss,,2170,4.769230769,1977
hostess,,2171,5.214285714,1321
handhold,,2172,5.045454545,1237
motor,,2173,4.92,1693
capsule,,2174,5.041666667,426
bricklayer,,2175,4.84,318
cacti,,2176,4.333333333,391
dipper,,2177,4.909090909,799
strawberry,,2178,6.357142857,2561
automotive,,2179,4.454545455,102
gunfighter,,2180,4.52,1199
soup,,2181,5.576923077,2454
monument,,2182,4.52,1681
jasmine,,2183,4.32,1374
shellfish,,2184,5.76,2334
chairperson,,2185,4.44,487
bed,,2186,6.36,184
gown,,2187,6.36,1142
iceboat,,2188,4.37037037,1345
trout,,2189,4.76,2784
macaroni,,2190,5.62962963,1562
duster,,2191,5.32,870
cheek,,2192,5.481481481,503
rowboat,,2193,5.375,2199
percolator,,2194,5.1,1925
stem,,2195,4.666666667,2519
abacus,,2196,4.666666667,1
worksheet,,2197,4.64,2973
medal,,2198,5.608695652,1634
underclothing,,2199,6.36,2820
lunchroom,,2200,4.565217391,1560
teacher,,2201,5.416666667,2643
engineer,,2202,5.379310345,909
coaster,,2203,5.333333333,580
shank,,2204,4.565217391,2322
salamander,,2205,4.714285714,2219
watchband,,2206,5.923076923,2906
gasket,,2207,4.846153846,1084
stage,,2208,4.875,2497
thumbtack,,2209,5.956521739,2690
electrician,,2210,4.625,897
lunch,,2211,6.043478261,1559
tablecloth,,2212,5.347826087,2617
tangerine,,2213,5.772727273,2630
stepbrother,,2214,4.88,2523
flaxseed,,2215,5.037037037,1005
ruler,,2216,5.25,2205
trench,,2217,4.285714286,2773
parchment,,2218,4.681818182,1874
eyewash,,2219,5.4,938
props,,2220,5.260869565,2077
laundry,,2221,6.208333333,1472
shinbone,,2222,4.826086957,2340
motorbike,,2223,6.347826087,1694
fudge,,2224,5.68,1063
moth,,2225,4.84,1690
mousetrap,,2226,4.916666667,1702
ingredients,,2227,4.958333333,1355
waxwork,,2228,4.3,2913
lice,,2229,5,1500
metalworker,,2230,4.8,1651
veterinarian,,2231,5.074074074,2854
anchor,,2232,5.739130435,39
quiche,,2233,5.727272727,2114
shotgun,,2234,5.826086957,2361
model,,2235,5.086956522,1674
primate,,2236,4.375,2063
cookhouse,,2237,4.423076923,632
denim,,2238,5.416666667,773
vehicle,,2239,6.173913043,2843
substance,,2240,4.47826087,2576
pottery,,2241,5.458333333,2050
wig,,2242,5.913043478,2935
kindle,,2243,4.4,1420
doornail,,2244,5.4,827
housefly,,2245,4.541666667,1330
cheddar,,2246,5.291666667,502
whisk,,2247,6,2927
rattle,,2248,4.409090909,2140
lavatory,,2249,5.620689655,1473
washboard,,2250,5.208333333,2896
skateboard,,2251,6.04,2390
stair,,2252,5.36,2499
spectacles,,2253,5.28,2466
automobile,,2254,5.64,101
underpants,,2255,6,2823
canine,,2256,5.375,414
creature,,2257,4.833333333,690
son,,2258,5.875,2451
thorn,,2259,4.925925926,2683
clipboard,,2260,5.652173913,561
puzzle,,2261,5.44,2108
bracelet,,2262,6.5,300
quilt,,2263,5.826086957,2116
furniture,,2264,6.56,1068
picture,,2265,5.32,1952
student,,2266,5.043478261,2573
suppository,,2267,5.782608696,2593
jelly,,2268,5.48,1381
instrument,,2269,5.739130435,1361
carton,,2270,5,443
archives,,2271,4.333333333,70
bodice,,2272,4.80952381,259
underbrush,,2273,4.5,2818
caramel,,2274,5.28,429
branch,,2275,4.821428571,303
faucet,,2276,5.869565217,952
slaw,,2277,4.8,2405
hairdresser,,2278,5.384615385,1212
ventilator,,2279,4.72,2848
pinewood,,2280,4.541666667,1973
clergy,,2281,4.48,555
ketchup,,2282,6.304347826,1408
jukebox,,2283,5.8,1394
thumbnail,,2284,4.88,2688
homemaker,,2285,5.285714286,1300
nail,,2286,5.541666667,1732
nun,,2287,4.666666667,1785
shingles,,2288,4.64,2342
baby,,2289,6.285714286,111
pigtail,,2290,4.958333333,1957
scallion,,2291,5.173913043,2260
mop,,2292,6.192307692,1683
costumer,,2293,4.434782609,658
bamboo,,2294,5.68,135
photograph,,2295,5.875,1944
iron,,2296,5.538461538,1368
bank,,2297,4.72,142
undercoat,,2298,4.772727273,2821
brisket,,2299,5.291666667,325
nameplate,,2300,4.84,1733
bookend,,2301,5.291666667,273
mouthwash,,2302,6.230769231,1707
pimento,,2303,4.769230769,1965
headset,,2304,6,1273
pumpkin,,2305,5.708333333,2098
crotch,,2306,5.6,708
portrait,,2307,4.272727273,2040
punchbowl,,2308,5.25,2099
foodstuff,,2309,4.846153846,1028
marksman,,2310,4.291666667,1609
kiss,,2311,4.571428571,1422
bookbinder,,2312,4.75,271
friend,,2313,5,1057
drawstring,,2314,5.28,842
silverware,,2315,6.24,2383
plantain,,2316,5.409090909,1990
bonnet,,2317,6.043478261,269
rug,,2318,6.173913043,2204
cop,,2319,4.458333333,635
gymnast,,2320,5,1205
pretzel,,2321,6.04,2061
sphincter,,2322,4.88,2469
turnstile,,2323,4.818181818,2803
bully,,2324,4.857142857,356
colleague,,2325,5.724137931,602
cigarette,,2326,6.272727273,543
garter,,2327,4.904761905,1083
mirror,,2328,6.086956522,1667
roadster,,2329,4.96,2177
windsock,,2330,4.391304348,2946
limeade,,2331,4.75,1513
dresser,,2332,5.04,844
ribbon,,2333,6.375,2165
mousse,,2334,5.260869565,1703
sugarcane,,2335,5.043478261,2581
butcher,,2336,4.739130435,373
tavern,,2337,4.36,2638
urn,,2338,4.791666667,2829
turkey,,2339,4.833333333,2801
goddaughter,,2340,5.04,1126
hedgehog,,2341,5.043478261,1275
laboratory,,2342,4.739130435,1443
barbecue,,2343,4.833333333,146
leggings,,2344,6.130434783,1487
priest,,2345,4.56,2062
peroxide,,2346,4.555555556,1928
dwelling,,2347,4.857142857,872
saw,,2348,4.76,2253
doorman,,2349,4.68,826
jewelry,,2350,6.576923077,1386
footpath,,2351,4.592592593,1037
Sleeve,,2352,5.798376184,2409
sandalwood,,2353,4.36,2232
lump,,2354,4.5,1558
velvet,,2355,4.916666667,2846
cheesecloth,,2356,5.52173913,508
sequin,,2357,4.923076923,2312
spider,,2358,5.32,2472
bag,,2359,6.038461538,121
torch,,2360,4.851851852,2737
peel,,2361,4.458333333,1905
knee,,2362,5.818181818,1433
playhouse,,2363,4.869565217,2001
cereal,,2364,5.958333333,481
tinsel,,2365,4.777777778,2705
deer,,2366,4.416666667,765
peach,,2367,5.88,1891
kitchenette,,2368,4.782608696,1426
dipstick,,2369,5.185185185,800
headgear,,2370,5.625,1266
fingernail,,2371,5.88,979
sausage,,2372,6.48,2252
crossbow,,2373,5.541666667,705
shelving,,2374,5.47826087,2336
mommy,,2375,5.434782609,1676
seashore,,2376,4.44,2299
jaguar,,2377,4.826086957,1371
pew,,2378,4.666666667,1936
musket,,2379,5.217391304,1725
gramophone,,2380,5.25,1144
hitchhiker,,2381,4.375,1293
morphine,,2382,5.32,1684
packet,,2383,4.52173913,1839
clothespin,,2384,5.12,571
emerald,,2385,4.833333333,902
globe,,2386,5.28,1116
environmentalist,,2387,4.482758621,915
coconut,,2388,5.64,590
knuckle,,2389,5.76,1439
tradesman,,2390,4.84,2754
firebox,,2391,4.363636364,984
ballplayer,,2392,4.56,133
uncle,,2393,5.392857143,2817
coat,,2394,6.565217391,581
herring,,2395,4.409090909,1283
beefsteak,,2396,5.227272727,191
mastiff,,2397,5,1617
basket,,2398,6.391304348,162
ore,,2399,4.375,1818
woodcarver,,2400,4.625,2958
hallway,,2401,4.708333333,1220
pants,,2402,6.333333333,1861
log,,2403,5.692307692,1541
adult,,2404,5.409090909,15
chiropractor,,2405,5.5,530
guardsman,,2406,4.481481481,1187
yachtsman,,2407,4.291666667,2988
syringes,,2408,5.541666667,2613
boots,,2409,6.434782609,284
pear,,2410,5.72,1895
meat,,2411,5.52173913,1633
footbridge,,2412,4.777777778,1034
shawl,,2413,5.76,2326
footman,,2414,4.782608696,1035
Mug,,2415,6.13900135,1713
fork,,2416,5.6,1047
children,,2417,5.52,522
cruiser,,2418,4.304347826,713
thesaurus,,2419,5.363636364,2679
blanket,,2420,6.56,232
weed,,2421,5.28,2918
jeans,,2422,6.44,1379
snow,,2423,5.538461538,2430
mouth,,2424,6.304347826,1705
beachwear,,2425,6.304347826,177
mouse,,2426,5.24,1701
dividers,,2427,4.384615385,806
desk,,2428,6.260869565,780
brushes,,2429,4.857142857,338
soybean,,2430,5.2,2458
backboard,,2431,4.565217391,112
Crab,,2432,4.889189189,674
slingshot,,2433,5.4,2414
sidecar,,2434,4.347826087,2376
eclair,,2435,6.166666667,886
teakwood,,2436,5.136363636,2647
card,,2437,5.56,430
petroleum,,2438,4.333333333,1934
announcer,,2439,4.296296296,44
buck,,2440,4.291666667,340
candlestick,,2441,6,411
blender,,2442,5.739130435,236
shrine,,2443,4.555555556,2367
cartridge,,2444,5.12,444
oven,,2445,5.923076923,1831
corduroy,,2446,5.041666667,641
burglar,,2447,4.260869565,366
tablet,,2448,6.517241379,2619
dumpling,,2449,4.826086957,867
soda,,2450,6.47826087,2442
buffet,,2451,5.409090909,346
peppermint,,2452,5.391304348,1923
mattress,,2453,6.72,1626
punter,,2454,4.464285714,2100
doorframe,,2455,5.086956522,823
saxophone,,2456,6.222222222,2257
arrowhead,,2457,4.44,77
socket,,2458,5.24,2440
net,,2459,5.208333333,1751
classmate,,2460,5.363636364,549
dachshund,,2461,5.125,743
meal,,2462,5.958333333,1632
sandwich,,2463,6.333333333,2238
thermos,,2464,5.518518519,2677
window,,2465,5.68,2942
nightgown,,2466,5.92,1770
greenback,,2467,4.904761905,1169
kebab,,2468,5.916666667,1402
publisher,,2469,4.44,2086
curd,,2470,4.875,729
kin,,2471,4.47826087,1419
hickory,,2472,4.357142857,1286
paint,,2473,5.090909091,1847
asshole,,2474,4.5,90
mountain,,2475,4.307692308,1699
tourist,,2476,5,2744
submarine,,2477,4.826086957,2575
gardenia,,2478,4.476190476,1078
juror,,2479,4.782608696,1398
smooch,,2480,4.32,2422
floss,,2481,5.166666667,1012
grill,,2482,5.72,1176
prune,,2483,5.074074074,2083
lawn,,2484,5.695652174,1474
roosters,,2485,4.6,2190
nylon,,2486,4.928571429,1794
sandpaper,,2487,5.913043478,2237
homework,,2488,5.32,1301
syringe,,2489,5.535714286,2612
pitchfork,,2490,5.681818182,1981
flycatcher,,2491,5.375,1020
lever,,2492,5.038461538,1498
ecologist,,2493,4.458333333,887
toothpick,,2494,6.375,2734
earthworm,,2495,4.916666667,883
spade,,2496,4.4,2460
drum,,2497,5.8,854
coffin,,2498,5.52,594
chain,,2499,5.958333333,484
virgin,,2500,4.448275862,2867
whirlpool,,2501,4.565217391,2926
file,,2502,5.041666667,974
bait,,2503,4.375,125
storehouse,,2504,4.5,2551
strudel,,2505,5.666666667,2572
drapery,,2506,4.68,838
shamrock,,2507,4.5,2321
woodpile,,2508,5,2962
men,,2509,5.72,1644
insole,,2510,4.454545455,1358
foliage,,2511,4.6,1025
grocery,,2512,5.068965517,1179
hatchback,,2513,4.818181818,1260
lamplighter,,2514,4.263157895,1457
lamp,,2515,6.083333333,1455
plank,,2516,4.92,1987
feather,,2517,5.260869565,956
board,,2518,4.48,253
microwave,,2519,5.28,1656
lifeguard,,2520,4.96,1506
dip,,2521,4.535714286,797
nose,,2522,6,1779
testicle,,2523,6.24,2671
yolk,,2524,4.875,2995
oar,,2525,5.307692308,1795
handcart,,2526,5.6,1233
midshipman,,2527,4.352941176,1658
bicycle,,2528,6.08,210
orthodontist,,2529,4.916666667,1825
teacup,,2530,6.347826087,2644
granite,,2531,4.666666667,1154
sunglasses,,2532,6.458333333,2588
applicator,,2533,5.185185185,63
paperweight,,2534,5.291666667,1865
insulin,,2535,4.625,1362
tea,,2536,6.153846154,2641
bisque,,2537,4.28,225
tong,,2538,5.227272727,2726
cottage,,2539,4.52173913,659
wristwatch,,2540,6.5,2985
catsup,,2541,5.074074074,462
scalp,,2542,5.25,2262
turtle,,2543,4.821428571,2805
drink,,2544,6.074074074,849
hookah,,2545,6.25,1308
dermatologist,,2546,4.92,777
liverwurst,,2547,4.708333333,1527
root,,2548,4.583333333,2191
mud,,2549,5.56,1710
tire,,2550,5.291666667,2706
tumbler,,2551,5.136363636,2795
tapioca,,2552,4.454545455,2634
snowman,,2553,4.916666667,2435
fillet,,2554,4.32,975
sapling,,2555,4.304347826,2240
gumbo,,2556,4.619047619,1196
periscope,,2557,4.653846154,1927
soldier,,2558,4.56,2446
football,,2559,6.12,1030
plaything,,2560,4.92,2004
toastmaster,,2561,4.652173913,2711
searchlight,,2562,4.391304348,2298
chip,,2563,5.181818182,529
gravestone,,2564,4.875,1165
wrench,,2565,6.181818182,2980
boutique,,2566,4.692307692,291
crate,,2567,5.304347826,684
alcohol,,2568,5.833333333,24
barn,,2569,5.173913043,151
navel,,2570,5,1737
taxpayer,,2571,4.583333333,2640
pug,,2572,5.965517241,2090
wax,,2573,5.291666667,2912
riverboat,,2574,5.52,2174
cryptographer,,2575,4.583333333,719
forearm,,2576,5.782608696,1043
rainfall,,2577,4.88,2132
glitter,,2578,4.434782609,1115
assassin,,2579,4.32,88
dove,,2580,4.333333333,835
vegetation,,2581,4.925925926,2842
cello,,2582,5.038461538,474
nightdress,,2583,5.791666667,1769
pistol,,2584,5.260869565,1979
barrette,,2585,6,154
needlework,,2586,4.692307692,1748
lager,,2587,4.695652174,1451
landlady,,2588,4.76,1461
pocket,,2589,5.407407407,2013
bunny,,2590,4.5,363
windowpane,,2591,5.416666667,2943
persimmon,,2592,4.611111111,1929
handwork,,2593,4.928571429,1244
robe,,2594,5.909090909,2181
printout,,2595,5.2,2066
duckling,,2596,5.125,860
ophthalmologist,,2597,4.423076923,1811
daffodil,,2598,5.045454545,746
hair,,2599,6.318181818,1209
tripod,,2600,5,2779
lovebird,,2601,4.4,1552
human,,2602,5.666666667,1336
squash,,2603,5.409090909,2492
vaccine,,2604,4.321428571,2830
accountant,,2605,4.666666667,6
blueprint,,2606,4.833333333,251
bookmark,,2607,5.857142857,276
plastic,,2608,5.04,1994
salve,,2609,4.692307692,2230
pike,,2610,4.590909091,1958
grandfather,,2611,5.833333333,1147
supermarket,,2612,4.869565217,2590
bus,,2613,5.192307692,368
protractor,,2614,5.434782609,2082
fertilizer,,2615,5.217391304,967
crossbar,,2616,5.043478261,704
bedclothes,,2617,5.708333333,185
kumquat,,2618,5.619047619,1441
cornmeal,,2619,5.913043478,649
uniform,,2620,5.666666667,2826
youngster,,2621,5,2997
wiper,,2622,5.125,2951
spout,,2623,5,2485
breakfast,,2624,6.173913043,311
stenographer,,2625,4.625,2521
Sailboat,,2626,5.266216216,2216
me,,2627,5.708333333,1630
ukulele,,2628,5.782608696,2815
attendant,,2629,5.083333333,94
paintbrush,,2630,5.56,1849
crib,,2631,5.56,694
garment,,2632,5.826086957,1081
committeewoman,,2633,4.857142857,609
treat,,2634,4.791666667,2771
donkey,,2635,4.826086957,820
scanner,,2636,5.444444444,2264
scooter,,2637,5.913043478,2278
skirt,,2638,6.041666667,2400
balloonist,,2639,4.275862069,131
bran,,2640,4.407407407,302
lace,,2641,4.869565217,1445
guestroom,,2642,4.538461538,1190
band,,2643,4.384615385,137
lick,,2644,4.652173913,1502
entree,,2645,5.28,912
mum,,2646,4.416666667,1719
radio,,2647,5.291666667,2122
congresswoman,,2648,4.32,627
waitress,,2649,4.826086957,2884
bathtub,,2650,6.565217391,170
banister,,2651,5.130434783,140
hat,,2652,6.44,1258
garb,,2653,4.541666667,1074
plaintiff,,2654,4.375,1985
jar,,2655,6.208333333,1373
rocker,,2656,5.04,2184
icepick,,2657,5.416666667,1347
rail,,2658,5.517241379,2127
needles,,2659,5.416666667,1747
hamburger,,2660,6.148148148,1222
cupboard,,2661,5.782608696,727
husband,,2662,6.041666667,1338
trash,,2663,5.136363636,2764
brooch,,2664,5.130434783,331
catwalk,,2665,4.652173913,464
dwarf,,2666,4.333333333,871
crackers,,2667,5.913043478,677
picnicker,,2668,4.458333333,1951
croquette,,2669,4.681818182,702
barkeep,,2670,4.260869565,148
livestock,,2671,5.041666667,1528
putty,,2672,5,2107
tubing,,2673,4.625,2792
workbench,,2674,6.208333333,2968
limes,,2675,5.782608696,1514
glasses,,2676,6.541666667,1112
stepparent,,2677,5,2528
blackheads,,2678,4.260869565,230
reptile,,2679,5,2156
timber,,2680,4.695652174,2699
pipe,,2681,5.653846154,1976
cavalryman,,2682,4.291666667,467
gatekeeper,,2683,4.44,1087
fig,,2684,5.083333333,972
organism,,2685,4.727272727,1821
poodle,,2686,5.652173913,2032
rye,,2687,4.407407407,2209
clamp,,2688,5.36,546
Saloon,,2689,4.301480485,2225
antiseptics,,2690,5.041666667,52
cash,,2691,6.36,448
notepaper,,2692,5.392857143,1782
cup,,2693,6.043478261,726
serviceman,,2694,4.8,2314
buttonhole,,2695,5.074074074,382
goggle,,2696,4.458333333,1130
curry,,2697,4.565217391,731
meadow,,2698,4.391304348,1631
plumber,,2699,4.44,2011
blister,,2700,5.2,238
nugget,,2701,4.826086957,1784
shirtsleeve,,2702,6.125,2347
pelvis,,2703,5.72,1911
clothesline,,2704,5.333333333,570
acrobat,,2705,5.043478261,9
horse,,2706,5.88,1312
chopstick,,2707,5.625,533
midget,,2708,4.821428571,1657
physiologist,,2709,4.75,1946
wigwam,,2710,4.888888889,2937
hairstylist,,2711,5.041666667,1218
goulash,,2712,4.846153846,1140
stepsister,,2713,5.333333333,2529
ant,,2714,4.84,45
penthouse,,2715,4.333333333,1918
pedicurist,,2716,5.137931034,1903
gin,,2717,5.074074074,1103
practitioner,,2718,4.5,2057
moustache,,2719,5.347826087,1704
blackhead,,2720,4.739130435,229
present,,2721,4.32,2060
hailstone,,2722,5,1208
kleenex,,2723,6.043478261,1431
crocodile,,2724,4.291666667,698
record,,2725,4.75,2147
flyswatter,,2726,5.703703704,1022
car,,2727,6.035714286,428
trainer,,2728,5.357142857,2758
housewife,,2729,5.2,1333
sister,,2730,4.8,2387
typewriter,,2731,5.592592593,2814
wreath,,2732,5.461538462,2979
rawhide,,2733,4.541666667,2141
spokesman,,2734,4.375,2479
bill,,2735,5.111111111,214
basil,,2736,5.916666667,160
teahouse,,2737,4.347826087,2645
vacuum,,2738,5.291666667,2831
torso,,2739,5.64,2739
zipper,,2740,6.08,2999
smoothie,,2741,6.041666667,2423
padding,,2742,4.925925926,1841
mule,,2743,4.318181818,1716
sweatshirt,,2744,6.6,2605
poker,,2745,4.590909091,2019
wife,,2746,6.357142857,2934
fruitcake,,2747,6,1061
swing,,2748,5.36,2608
screen,,2749,5.041666667,2285
airplane,,2750,4.625,22
garnets,,2751,4.65,1082
newsprint,,2752,4.260869565,1762
chestnut,,2753,5.555555556,514
workbox,,2754,5.454545455,2970
cannonball,,2755,4.304347826,416
sangria,,2756,4.863636364,2239
technician,,2757,4.56,2655
groin,,2758,5.72,1180
tissue,,2759,5.72,2707
cellist,,2760,4.869565217,473
bullfighter,,2761,4.6,354
towel,,2762,6.04,2746
loudspeaker,,2763,4.625,1549
ingredient,,2764,4.793103448,1354
cucumber,,2765,6.04,723
coachman,,2766,4.739130435,578
nursemaid,,2767,4.583333333,1787
gentleman,,2768,4.961538462,1098
wheat,,2769,4.88,2920
sod,,2770,5.086956522,2441
mantelpiece,,2771,4.285714286,1596
pulp,,2772,5.208333333,2094
temple,,2773,4.84,2661
rice,,2774,6.291666667,2166
pup,,2775,5.44,2101
mother,,2776,5.52,1692
sea,,2777,4.653846154,2294
rubber,,2778,5.304347826,2200
stationmaster,,2779,4.739130435,2512
aircraftsman,,2780,4.52,20
protester,,2781,4.8,2081
swimsuit,,2782,6.08,2607
hill,,2783,4.535714286,1288
handbrake,,2784,5.083333333,1232
cola,,2785,5.565217391,597
outfielder,,2786,4.6,1827
straightedge,,2787,4.291666667,2556
tomato,,2788,6.125,2723
greens,,2789,4.5,1172
camel,,2790,4.52173913,405
maggot,,2791,4.44,1570
kazoo,,2792,5.6,1401
sheet,,2793,5.708333333,2331
nutcrackers,,2794,5.347826087,1791
lighthouse,,2795,4.791666667,1507
pork,,2796,4.916666667,2037
kernel,,2797,4.5,1407
fag,,2798,4.8,942
dispenser,,2799,4.708333333,805
booze,,2800,5.84,285
aircraft,,2801,4.925925926,19
sackcloth,,2802,4.913043478,2211
retriever,,2803,4.96,2160
catnip,,2804,4.52,461
toothpaste,,2805,5.76,2733
omelet,,2806,5.6,1807
snorkel,,2807,4.814814815,2428
bassinet,,2808,5.375,165
girl,,2809,5.52,1108
bridge,,2810,5.52173913,322
cigar,,2811,5.962962963,542
jeep,,2812,5.409090909,1380
oyster,,2813,5.407407407,1834
cafe,,2814,4.772727273,396
hanky,,2815,4.481481481,1247
fishbone,,2816,5.173913043,990
sack,,2817,5.083333333,2210
cheerleader,,2818,5.285714286,505
garland,,2819,5.166666667,1079
sax,,2820,5.045454545,2256
duffel,,2821,4.380952381,864
guidebook,,2822,5.791666667,1191
machine,,2823,5.791666667,1567
glider,,2824,4.5,1114
cross,,2825,5,703
Taco,,2826,,3005
custodian,,2827,4.481481481,735
lemon,,2828,6.08,1489
pony,,2829,5.375,2030
handgun,,2830,5.761904762,1236
politician,,2831,4.409090909,2024
gadget,,2832,5.52,1069
cardboard,,2833,5.739130435,431
farm,,2834,5.035714286,946
corkscrew,,2835,6.04,643
munitions,,2836,4.80952381,1720
jurist,,2837,4.380952381,1397
cone,,2838,4.608695652,625
pajamas,,2839,6.222222222,1851
farmer,,2840,5.08,947
petal,,2841,5.75,1933
streets,,2842,4.769230769,2565
pitcher,,2843,5.259259259,1980
javelin,,2844,5.833333333,1375
cashier,,2845,4.888888889,449
bullfrog,,2846,4.884615385,355
guillotine,,2847,4.52173913,1192
nutmeg,,2848,4.608695652,1792
nightshirt,,2849,6.291666667,1773
dinnerware,,2850,5.916666667,796
stocking,,2851,5.6,2541
atlas,,2852,5.166666667,93
equipment,,2853,5.28,917
cornflakes,,2854,5.6,647
awning,,2855,4.565217391,104
jumper,,2856,4.296296296,1395
aquarium,,2857,5.782608696,68
pamphlet,,2858,5.565217391,1855
sesame,,2859,4.652173913,2315
clerk,,2860,4.68,557
scrapbook,,2861,5.84,2282
licence,,2862,4.76,1501
clock,,2863,4.714285714,566
saucepan,,2864,6,2248
backscratcher,,2865,5.52,117
pen,,2866,6.64,1912
leaflet,,2867,5.956521739,1478
matchwood,,2868,5.210526316,1623
honeycomb,,2869,4.695652174,1303
sixpence,,2870,4.380952381,2388
educator,,2871,5,890
leather,,2872,5.576923077,1480
okra,,2873,5.269230769,1805
tunic,,2874,4.76,2798
stomach,,2875,4.44,2543
wristband,,2876,5.583333333,2983
pail,,2877,4.772727273,1845
lad,,2878,4.36,1446
walnut,,2879,5.791666667,2890
dustbin,,2880,5.708333333,869
keg,,2881,4.962962963,1404
truck,,2882,6.041666667,2785
bath,,2883,5.964285714,167
saloonkeeper,,2884,4.541666667,2226
airman,,2885,4.36,21
peony,,2886,4.333333333,1919
noodles,,2887,5.695652174,1777
sunroof,,2888,4.814814815,2589
lesion,,2889,4.481481481,1494
marigold,,2890,4.75,1605
handclap,,2891,4.434782609,1234
clips,,2892,4.52,563
mathematician,,2893,4.272727273,1624
erection,,2894,5.4,919
voter,,2895,4.75,2875
brush,,2896,6.043478261,337
concrete,,2897,5.166666667,619
manure,,2898,4.708333333,1598
athlete,,2899,4.916666667,92
calves,,2900,5,404
candy,,2901,6.4,412
grenade,,2902,5.2,1173
toga,,2903,4.52173913,2718
workroom,,2904,4.703703704,2972
birdbath,,2905,4.916666667,221
flypaper,,2906,5.037037037,1021
passerby,,2907,4.44,1881
package,,2908,5.75,1837
hug,,2909,4.652173913,1335
walrus,,2910,4.875,2891
gynecologist,,2911,4.833333333,1206
kale,,2912,5.652173913,1399
harness,,2913,4.4,1252
plaque,,2914,4.52,1992
document,,2915,4.818181818,810
knot,,2916,5.76,1438
lens,,2917,5.115384615,1491
schoolwork,,2918,4.5,2273
astronaut,,2919,4.357142857,91
wrestler,,2920,4.96,2981
scallop,,2921,5.48,2261
cowhide,,2922,4.6,672
gun,,2923,6.12,1198
hostel,,2924,4.708333333,1320
pinball,,2925,5.782608696,1968
fender,,2926,4.791666667,963
hiker,,2927,5.260869565,1287
townspeople,,2928,4.909090909,2749
noose,,2929,4.708333333,1778
aluminum,,2930,5.083333333,32
busman,,2931,4.68,372
tutu,,2932,5.413793103,2808
buttercup,,2933,5.48,376
nipple,,2934,5.625,1775
meteorologist,,2935,4.875,1652
companion,,2936,5.739130435,611
sand,,2937,5.956521739,2231
quarterback,,2938,4.346153846,2111
clothes,,2939,6.08,569
magnet,,2940,5.615384615,1572
thyme,,2941,4.958333333,2691
horseradish,,2942,5.24,1315
springboard,,2943,5,2488
employer,,2944,5.291666667,904
calender,,2945,5.84,401
flour,,2946,5.875,1014
river,,2947,4.64,2172
stepfather,,2948,5.16,2526
concert,,2949,4.714285714,617
rat,,2950,4.608695652,2139
tar,,2951,4.37037037,2635
garbage,,2952,4.96,1075
toast,,2953,6.2,2709
builder,,2954,4.826086957,349
stall,,2955,4.625,2504
horseman,,2956,4.28,1314
casebook,,2957,5.391304348,446
contraceptive,,2958,5.391304348,629
mitt,,2959,6.08,1670
aunt,,2960,5.041666667,98
actor,,2961,4.739130435,10
recorder,,2962,5.8,2148
plant,,2963,5.652173913,1989
vaseline,,2964,5.608695652,2839
forefinger,,2965,5.16,1044
doughnut,,2966,6.260869565,834
armpit,,2967,5.52,75
building,,2968,5.208333333,350
cattle,,2969,4.625,463
bomb,,2970,4.384615385,264
debris,,2971,4.75,762
dye,,2972,4.52173913,873
pulley,,2973,5.208333333,2092
hound,,2974,4.962962963,1324
greenhouse,,2975,5.260869565,1171
Fern,,2976,5.005471956,964
knickers,,2977,5.5,1435
wallboard,,2978,4.64,2887
school,,2979,5.16,2269
bowling,,2980,5,293
dish,,2981,5.8,802
limb,,2982,5.703703704,1511
waffle,,2983,6.173913043,2878
tee,,2984,5.347826087,2656
blowgun,,2985,4.625,246
centipede,,2986,5.25,478
breadboard,,2987,5.44,310
deck,,2988,5.541666667,763
marketeer,,2989,4.5,1608
fieldstone,,2990,4.761904762,971
guardrail,,2991,4.36,1186
topaz,,2992,4.642857143,2735
wrist,,2993,6.291666667,2982
trampoline,,2994,5.88,2759
respirator,,2995,4.923076923,2158
earplugs,,2996,6.541666667,880
waist,,2997,6.458333333,1117
brow,,2998,4.416666667,336
badminton,,2999,4.92,120
glove,,3000,4.888888889,2880
paperwork,,3001,5.625,1866
shortening,,3002,4.92,2358
spaghetti,,3003,6,2461
grain,,3004,5.217391304,1143
saucer,,3005,5.777777778,2249
